"orgId","type of session","number","date","notBefore","notAfter","persId","chairman","spId","uId","titleId","taxonomyIds","topicIds","lemma","ana"
"parl.Skup","delovna seja",10,"1992-01-22","17:15:00","17:25:00","ToplakLudvik1942",1,"VsiZbor.1992-01-22.d010-04.sp-31","VsiZbor.1992-01-22.d010-04.sp-31.2",VsiZbor.1992-01-22.d010-04.toc-item1,"taxonomy.2.8","topic.50","spoštovan","Appmpn"
"parl.Skup","delovna seja",10,"1992-01-22","17:15:00","17:25:00","ToplakLudvik1942",1,"VsiZbor.1992-01-22.d010-04.sp-31","VsiZbor.1992-01-22.d010-04.sp-31.2",VsiZbor.1992-01-22.d010-04.toc-item1,"taxonomy.2.8","topic.50","poslanec","Ncmpn"
"parl.Skup","delovna seja",10,"1992-01-22","17:15:00","17:25:00","ToplakLudvik1942",1,"VsiZbor.1992-01-22.d010-04.sp-31","VsiZbor.1992-01-22.d010-04.sp-31.2",VsiZbor.1992-01-22.d010-04.toc-item1,"taxonomy.2.8","topic.50","gospa","Ncfpn"
"parl.Skup","delovna seja",10,"1992-01-22","17:15:00","17:25:00","ToplakLudvik1942",1,"VsiZbor.1992-01-22.d010-04.sp-31","VsiZbor.1992-01-22.d010-04.sp-31.2",VsiZbor.1992-01-22.d010-04.toc-item1,"taxonomy.2.8","topic.50","in","Cc"
"parl.Skup","delovna seja",10,"1992-01-22","17:15:00","17:25:00","ToplakLudvik1942",1,"VsiZbor.1992-01-22.d010-04.sp-31","VsiZbor.1992-01-22.d010-04.sp-31.2",VsiZbor.1992-01-22.d010-04.toc-item1,"taxonomy.2.8","topic.50","gospod","Ncmpn"
"parl.Skup","delovna seja",10,"1992-01-22","17:15:00","17:25:00","ToplakLudvik1942",1,"VsiZbor.1992-01-22.d010-04.sp-31","VsiZbor.1992-01-22.d010-04.sp-31.2",VsiZbor.1992-01-22.d010-04.toc-item1,"taxonomy.2.8","topic.50","cenjen","Appmpn"
"parl.Skup","delovna seja",10,"1992-01-22","17:15:00","17:25:00","ToplakLudvik1942",1,"VsiZbor.1992-01-22.d010-04.sp-31","VsiZbor.1992-01-22.d010-04.sp-31.2",VsiZbor.1992-01-22.d010-04.toc-item1,"taxonomy.2.8","topic.50","gost","Ncmpn"
"parl.Skup","delovna seja",10,"1992-01-22","17:15:00","17:25:00","ToplakLudvik1942",1,"VsiZbor.1992-01-22.d010-04.sp-31","VsiZbor.1992-01-22.d010-04.sp-31.2",VsiZbor.1992-01-22.d010-04.toc-item1,"taxonomy.2.8","topic.50","predstavnik","Ncmpn"
"parl.Skup","delovna seja",10,"1992-01-22","17:15:00","17:25:00","ToplakLudvik1942",1,"VsiZbor.1992-01-22.d010-04.sp-31","VsiZbor.1992-01-22.d010-04.sp-31.2",VsiZbor.1992-01-22.d010-04.toc-item1,"taxonomy.2.8","topic.50","sredstvo","Ncnpg"
"parl.Skup","delovna seja",10,"1992-01-22","17:15:00","17:25:00","ToplakLudvik1942",1,"VsiZbor.1992-01-22.d010-04.sp-31","VsiZbor.1992-01-22.d010-04.sp-31.2",VsiZbor.1992-01-22.d010-04.toc-item1,"taxonomy.2.8","topic.50","javen","Agpnsg"
"parl.Skup","delovna seja",10,"1992-01-22","17:15:00","17:25:00","ToplakLudvik1942",1,"VsiZbor.1992-01-22.d010-04.sp-31","VsiZbor.1992-01-22.d010-04.sp-31.2",VsiZbor.1992-01-22.d010-04.toc-item1,"taxonomy.2.8","topic.50","obveščanje","Ncnsg"
"parl.Skup","delovna seja",10,"1992-01-22","17:15:00","17:25:00","ToplakLudvik1942",1,"VsiZbor.1992-01-22.d010-04.sp-31","VsiZbor.1992-01-22.d010-04.sp-31.2",VsiZbor.1992-01-22.d010-04.toc-item1,"taxonomy.2.8","topic.50","ponovno","Rgp"
"parl.Skup","delovna seja",10,"1992-01-22","17:15:00","17:25:00","ToplakLudvik1942",1,"VsiZbor.1992-01-22.d010-04.sp-31","VsiZbor.1992-01-22.d010-04.sp-31.2",VsiZbor.1992-01-22.d010-04.toc-item1,"taxonomy.2.8","topic.50","pričenjati","Vmpr1p"
"parl.Skup","delovna seja",10,"1992-01-22","17:15:00","17:25:00","ToplakLudvik1942",1,"VsiZbor.1992-01-22.d010-04.sp-31","VsiZbor.1992-01-22.d010-04.sp-31.2",VsiZbor.1992-01-22.d010-04.toc-item1,"taxonomy.2.8","topic.50","10.","Mdo"
"parl.Skup","delovna seja",10,"1992-01-22","17:15:00","17:25:00","ToplakLudvik1942",1,"VsiZbor.1992-01-22.d010-04.sp-31","VsiZbor.1992-01-22.d010-04.sp-31.2",VsiZbor.1992-01-22.d010-04.toc-item1,"taxonomy.2.8","topic.50","skupen","Agpfsa"
"parl.Skup","delovna seja",10,"1992-01-22","17:15:00","17:25:00","ToplakLudvik1942",1,"VsiZbor.1992-01-22.d010-04.sp-31","VsiZbor.1992-01-22.d010-04.sp-31.2",VsiZbor.1992-01-22.d010-04.toc-item1,"taxonomy.2.8","topic.50","deloven","Agpfsa"
"parl.Skup","delovna seja",10,"1992-01-22","17:15:00","17:25:00","ToplakLudvik1942",1,"VsiZbor.1992-01-22.d010-04.sp-31","VsiZbor.1992-01-22.d010-04.sp-31.2",VsiZbor.1992-01-22.d010-04.toc-item1,"taxonomy.2.8","topic.50","seja","Ncfsa"
"parl.Skup","delovna seja",10,"1992-01-22","17:15:00","17:25:00","ToplakLudvik1942",1,"VsiZbor.1992-01-22.d010-04.sp-31","VsiZbor.1992-01-22.d010-04.sp-31.2",VsiZbor.1992-01-22.d010-04.toc-item1,"taxonomy.2.8","topic.50","ves","Pg-mpg"
"parl.Skup","delovna seja",10,"1992-01-22","17:15:00","17:25:00","ToplakLudvik1942",1,"VsiZbor.1992-01-22.d010-04.sp-31","VsiZbor.1992-01-22.d010-04.sp-31.2",VsiZbor.1992-01-22.d010-04.toc-item1,"taxonomy.2.8","topic.50","trije","Mlcmpg"
"parl.Skup","delovna seja",10,"1992-01-22","17:15:00","17:25:00","ToplakLudvik1942",1,"VsiZbor.1992-01-22.d010-04.sp-31","VsiZbor.1992-01-22.d010-04.sp-31.2",VsiZbor.1992-01-22.d010-04.toc-item1,"taxonomy.2.8","topic.50","zbor","Ncmpg"
"parl.Skup","delovna seja",10,"1992-01-22","17:15:00","17:25:00","ToplakLudvik1942",1,"VsiZbor.1992-01-22.d010-04.sp-31","VsiZbor.1992-01-22.d010-04.sp-31.2",VsiZbor.1992-01-22.d010-04.toc-item1,"taxonomy.2.8","topic.50","skupščina","Ncfsg"
"parl.Skup","delovna seja",10,"1992-01-22","17:15:00","17:25:00","ToplakLudvik1942",1,"VsiZbor.1992-01-22.d010-04.sp-31","VsiZbor.1992-01-22.d010-04.sp-31.2",VsiZbor.1992-01-22.d010-04.toc-item1,"taxonomy.2.8","topic.50","republika","Ncfsg"
"parl.Skup","delovna seja",10,"1992-01-22","17:15:00","17:25:00","ToplakLudvik1942",1,"VsiZbor.1992-01-22.d010-04.sp-31","VsiZbor.1992-01-22.d010-04.sp-31.2",VsiZbor.1992-01-22.d010-04.toc-item1,"taxonomy.2.8","topic.50","Slovenija","Npfsg"
"parl.Skup","delovna seja",10,"1992-01-22","17:15:00","17:25:00","ToplakLudvik1942",1,"VsiZbor.1992-01-22.d010-04.sp-31","VsiZbor.1992-01-22.d010-04.sp-31.2",VsiZbor.1992-01-22.d010-04.toc-item1,"taxonomy.2.8","topic.50","kjer","Cs"
"parl.Skup","delovna seja",10,"1992-01-22","17:15:00","17:25:00","ToplakLudvik1942",1,"VsiZbor.1992-01-22.d010-04.sp-31","VsiZbor.1992-01-22.d010-04.sp-31.2",VsiZbor.1992-01-22.d010-04.toc-item1,"taxonomy.2.8","topic.50","biti","Va-f1p-n"
"parl.Skup","delovna seja",10,"1992-01-22","17:15:00","17:25:00","ToplakLudvik1942",1,"VsiZbor.1992-01-22.d010-04.sp-31","VsiZbor.1992-01-22.d010-04.sp-31.2",VsiZbor.1992-01-22.d010-04.toc-item1,"taxonomy.2.8","topic.50","odločati","Vmpp-pm"
"parl.Skup","delovna seja",10,"1992-01-22","17:15:00","17:25:00","ToplakLudvik1942",1,"VsiZbor.1992-01-22.d010-04.sp-31","VsiZbor.1992-01-22.d010-04.sp-31.2",VsiZbor.1992-01-22.d010-04.toc-item1,"taxonomy.2.8","topic.50","o","Sl"
"parl.Skup","delovna seja",10,"1992-01-22","17:15:00","17:25:00","ToplakLudvik1942",1,"VsiZbor.1992-01-22.d010-04.sp-31","VsiZbor.1992-01-22.d010-04.sp-31.2",VsiZbor.1992-01-22.d010-04.toc-item1,"taxonomy.2.8","topic.50","sporen","Agpnpl"
"parl.Skup","delovna seja",10,"1992-01-22","17:15:00","17:25:00","ToplakLudvik1942",1,"VsiZbor.1992-01-22.d010-04.sp-31","VsiZbor.1992-01-22.d010-04.sp-31.2",VsiZbor.1992-01-22.d010-04.toc-item1,"taxonomy.2.8","topic.50","vprašanje","Ncnpl"
"parl.Skup","delovna seja",10,"1992-01-22","17:15:00","17:25:00","ToplakLudvik1942",1,"VsiZbor.1992-01-22.d010-04.sp-31","VsiZbor.1992-01-22.d010-04.sp-31.2",VsiZbor.1992-01-22.d010-04.toc-item1,"taxonomy.2.8","topic.50","v","Sl"
"parl.Skup","delovna seja",10,"1992-01-22","17:15:00","17:25:00","ToplakLudvik1942",1,"VsiZbor.1992-01-22.d010-04.sp-31","VsiZbor.1992-01-22.d010-04.sp-31.2",VsiZbor.1992-01-22.d010-04.toc-item1,"taxonomy.2.8","topic.50","zveza","Ncfsl"
"parl.Skup","delovna seja",10,"1992-01-22","17:15:00","17:25:00","ToplakLudvik1942",1,"VsiZbor.1992-01-22.d010-04.sp-31","VsiZbor.1992-01-22.d010-04.sp-31.2",VsiZbor.1992-01-22.d010-04.toc-item1,"taxonomy.2.8","topic.50","z","Si"
"parl.Skup","delovna seja",10,"1992-01-22","17:15:00","17:25:00","ToplakLudvik1942",1,"VsiZbor.1992-01-22.d010-04.sp-31","VsiZbor.1992-01-22.d010-04.sp-31.2",VsiZbor.1992-01-22.d010-04.toc-item1,"taxonomy.2.8","topic.50","predlog","Ncmsi"
"parl.Skup","delovna seja",10,"1992-01-22","17:15:00","17:25:00","ToplakLudvik1942",1,"VsiZbor.1992-01-22.d010-04.sp-31","VsiZbor.1992-01-22.d010-04.sp-31.2",VsiZbor.1992-01-22.d010-04.toc-item1,"taxonomy.2.8","topic.50","zakon","Ncmsg"
"parl.Skup","delovna seja",10,"1992-01-22","17:15:00","17:25:00","ToplakLudvik1942",1,"VsiZbor.1992-01-22.d010-04.sp-31","VsiZbor.1992-01-22.d010-04.sp-31.2",VsiZbor.1992-01-22.d010-04.toc-item1,"taxonomy.2.8","topic.50","o","Sl"
"parl.Skup","delovna seja",10,"1992-01-22","17:15:00","17:25:00","ToplakLudvik1942",1,"VsiZbor.1992-01-22.d010-04.sp-31","VsiZbor.1992-01-22.d010-04.sp-31.2",VsiZbor.1992-01-22.d010-04.toc-item1,"taxonomy.2.8","topic.50","zadruga","Ncfpl"
"parl.Skup","delovna seja",10,"1992-01-22","17:15:00","17:25:00","ToplakLudvik1942",1,"VsiZbor.1992-01-22.d010-04.sp-31","VsiZbor.1992-01-22.d010-04.sp-31.3",VsiZbor.1992-01-22.d010-04.toc-item1,"taxonomy.2.8","topic.50","seja","Ncfsa"
"parl.Skup","delovna seja",10,"1992-01-22","17:15:00","17:25:00","ToplakLudvik1942",1,"VsiZbor.1992-01-22.d010-04.sp-31","VsiZbor.1992-01-22.d010-04.sp-31.3",VsiZbor.1992-01-22.d010-04.toc-item1,"taxonomy.2.8","topic.50","biti","Va-r1p-n"
"parl.Skup","delovna seja",10,"1992-01-22","17:15:00","17:25:00","ToplakLudvik1942",1,"VsiZbor.1992-01-22.d010-04.sp-31","VsiZbor.1992-01-22.d010-04.sp-31.3",VsiZbor.1992-01-22.d010-04.toc-item1,"taxonomy.2.8","topic.50","začeti","Vmep-pm"
"parl.Skup","delovna seja",10,"1992-01-22","17:15:00","17:25:00","ToplakLudvik1942",1,"VsiZbor.1992-01-22.d010-04.sp-31","VsiZbor.1992-01-22.d010-04.sp-31.3",VsiZbor.1992-01-22.d010-04.toc-item1,"taxonomy.2.8","topic.50","že","Q"
"parl.Skup","delovna seja",10,"1992-01-22","17:15:00","17:25:00","ToplakLudvik1942",1,"VsiZbor.1992-01-22.d010-04.sp-31","VsiZbor.1992-01-22.d010-04.sp-31.3",VsiZbor.1992-01-22.d010-04.toc-item1,"taxonomy.2.8","topic.50","18.12.1991","Mdc"
"parl.Skup","delovna seja",10,"1992-01-22","17:15:00","17:25:00","ToplakLudvik1942",1,"VsiZbor.1992-01-22.d010-04.sp-31","VsiZbor.1992-01-22.d010-04.sp-31.3",VsiZbor.1992-01-22.d010-04.toc-item1,"taxonomy.2.8","topic.50","nadaljevati","Vmpp-pm"
"parl.Skup","delovna seja",10,"1992-01-22","17:15:00","17:25:00","ToplakLudvik1942",1,"VsiZbor.1992-01-22.d010-04.sp-31","VsiZbor.1992-01-22.d010-04.sp-31.3",VsiZbor.1992-01-22.d010-04.toc-item1,"taxonomy.2.8","topic.50","27.12.1991","Mdc"
"parl.Skup","delovna seja",10,"1992-01-22","17:15:00","17:25:00","ToplakLudvik1942",1,"VsiZbor.1992-01-22.d010-04.sp-31","VsiZbor.1992-01-22.d010-04.sp-31.3",VsiZbor.1992-01-22.d010-04.toc-item1,"taxonomy.2.8","topic.50","in","Cc"
"parl.Skup","delovna seja",10,"1992-01-22","17:15:00","17:25:00","ToplakLudvik1942",1,"VsiZbor.1992-01-22.d010-04.sp-31","VsiZbor.1992-01-22.d010-04.sp-31.3",VsiZbor.1992-01-22.d010-04.toc-item1,"taxonomy.2.8","topic.50","še","Q"
"parl.Skup","delovna seja",10,"1992-01-22","17:15:00","17:25:00","ToplakLudvik1942",1,"VsiZbor.1992-01-22.d010-04.sp-31","VsiZbor.1992-01-22.d010-04.sp-31.3",VsiZbor.1992-01-22.d010-04.toc-item1,"taxonomy.2.8","topic.50","v","Sa"
"parl.Skup","delovna seja",10,"1992-01-22","17:15:00","17:25:00","ToplakLudvik1942",1,"VsiZbor.1992-01-22.d010-04.sp-31","VsiZbor.1992-01-22.d010-04.sp-31.3",VsiZbor.1992-01-22.d010-04.toc-item1,"taxonomy.2.8","topic.50","tretji","Mlonsa"
"parl.Skup","delovna seja",10,"1992-01-22","17:15:00","17:25:00","ToplakLudvik1942",1,"VsiZbor.1992-01-22.d010-04.sp-31","VsiZbor.1992-01-22.d010-04.sp-31.3",VsiZbor.1992-01-22.d010-04.toc-item1,"taxonomy.2.8","topic.50","15.1.1992.","Y"
"parl.Skup","delovna seja",10,"1992-01-22","17:15:00","17:25:00","ToplakLudvik1942",1,"VsiZbor.1992-01-22.d010-04.sp-31","VsiZbor.1992-01-22.d010-04.sp-31.3",VsiZbor.1992-01-22.d010-04.toc-item1,"taxonomy.2.8","topic.50","ker","Cs"
"parl.Skup","delovna seja",10,"1992-01-22","17:15:00","17:25:00","ToplakLudvik1942",1,"VsiZbor.1992-01-22.d010-04.sp-31","VsiZbor.1992-01-22.d010-04.sp-31.3",VsiZbor.1992-01-22.d010-04.toc-item1,"taxonomy.2.8","topic.50","biti","Va-r3s-y"
"parl.Skup","delovna seja",10,"1992-01-22","17:15:00","17:25:00","ToplakLudvik1942",1,"VsiZbor.1992-01-22.d010-04.sp-31","VsiZbor.1992-01-22.d010-04.sp-31.3",VsiZbor.1992-01-22.d010-04.toc-item1,"taxonomy.2.8","topic.50","biti","Va-p-sm"
"parl.Skup","delovna seja",10,"1992-01-22","17:15:00","17:25:00","ToplakLudvik1942",1,"VsiZbor.1992-01-22.d010-04.sp-31","VsiZbor.1992-01-22.d010-04.sp-31.3",VsiZbor.1992-01-22.d010-04.toc-item1,"taxonomy.2.8","topic.50","sprejet","Appmsnn"
"parl.Skup","delovna seja",10,"1992-01-22","17:15:00","17:25:00","ToplakLudvik1942",1,"VsiZbor.1992-01-22.d010-04.sp-31","VsiZbor.1992-01-22.d010-04.sp-31.3",VsiZbor.1992-01-22.d010-04.toc-item1,"taxonomy.2.8","topic.50","sporazumen","Agpmsnn"
"parl.Skup","delovna seja",10,"1992-01-22","17:15:00","17:25:00","ToplakLudvik1942",1,"VsiZbor.1992-01-22.d010-04.sp-31","VsiZbor.1992-01-22.d010-04.sp-31.3",VsiZbor.1992-01-22.d010-04.toc-item1,"taxonomy.2.8","topic.50","predlog","Ncmsn"
"parl.Skup","delovna seja",10,"1992-01-22","17:15:00","17:25:00","ToplakLudvik1942",1,"VsiZbor.1992-01-22.d010-04.sp-31","VsiZbor.1992-01-22.d010-04.sp-31.3",VsiZbor.1992-01-22.d010-04.toc-item1,"taxonomy.2.8","topic.50","skupen","Agpfsg"
"parl.Skup","delovna seja",10,"1992-01-22","17:15:00","17:25:00","ToplakLudvik1942",1,"VsiZbor.1992-01-22.d010-04.sp-31","VsiZbor.1992-01-22.d010-04.sp-31.3",VsiZbor.1992-01-22.d010-04.toc-item1,"taxonomy.2.8","topic.50","komisija","Ncfsg"
"parl.Skup","delovna seja",10,"1992-01-22","17:15:00","17:25:00","ToplakLudvik1942",1,"VsiZbor.1992-01-22.d010-04.sp-31","VsiZbor.1992-01-22.d010-04.sp-31.3",VsiZbor.1992-01-22.d010-04.toc-item1,"taxonomy.2.8","topic.50","ves","Pg-mpg"
"parl.Skup","delovna seja",10,"1992-01-22","17:15:00","17:25:00","ToplakLudvik1942",1,"VsiZbor.1992-01-22.d010-04.sp-31","VsiZbor.1992-01-22.d010-04.sp-31.3",VsiZbor.1992-01-22.d010-04.toc-item1,"taxonomy.2.8","topic.50","trije","Mlcmpg"
"parl.Skup","delovna seja",10,"1992-01-22","17:15:00","17:25:00","ToplakLudvik1942",1,"VsiZbor.1992-01-22.d010-04.sp-31","VsiZbor.1992-01-22.d010-04.sp-31.3",VsiZbor.1992-01-22.d010-04.toc-item1,"taxonomy.2.8","topic.50","zbor","Ncmpg"
"parl.Skup","delovna seja",10,"1992-01-22","17:15:00","17:25:00","ToplakLudvik1942",1,"VsiZbor.1992-01-22.d010-04.sp-31","VsiZbor.1992-01-22.d010-04.sp-31.3",VsiZbor.1992-01-22.d010-04.toc-item1,"taxonomy.2.8","topic.50","pri","Sl"
"parl.Skup","delovna seja",10,"1992-01-22","17:15:00","17:25:00","ToplakLudvik1942",1,"VsiZbor.1992-01-22.d010-04.sp-31","VsiZbor.1992-01-22.d010-04.sp-31.3",VsiZbor.1992-01-22.d010-04.toc-item1,"taxonomy.2.8","topic.50","predlog","Ncmsl"
"parl.Skup","delovna seja",10,"1992-01-22","17:15:00","17:25:00","ToplakLudvik1942",1,"VsiZbor.1992-01-22.d010-04.sp-31","VsiZbor.1992-01-22.d010-04.sp-31.3",VsiZbor.1992-01-22.d010-04.toc-item1,"taxonomy.2.8","topic.50","zakon","Ncmsg"
"parl.Skup","delovna seja",10,"1992-01-22","17:15:00","17:25:00","ToplakLudvik1942",1,"VsiZbor.1992-01-22.d010-04.sp-31","VsiZbor.1992-01-22.d010-04.sp-31.3",VsiZbor.1992-01-22.d010-04.toc-item1,"taxonomy.2.8","topic.50","o","Sl"
"parl.Skup","delovna seja",10,"1992-01-22","17:15:00","17:25:00","ToplakLudvik1942",1,"VsiZbor.1992-01-22.d010-04.sp-31","VsiZbor.1992-01-22.d010-04.sp-31.3",VsiZbor.1992-01-22.d010-04.toc-item1,"taxonomy.2.8","topic.50","zadruga","Ncfpl"
"parl.Skup","delovna seja",10,"1992-01-22","17:15:00","17:25:00","ToplakLudvik1942",1,"VsiZbor.1992-01-22.d010-04.sp-31","VsiZbor.1992-01-22.d010-04.sp-31.3",VsiZbor.1992-01-22.d010-04.toc-item1,"taxonomy.2.8","topic.50","se","Px------y"
"parl.Skup","delovna seja",10,"1992-01-22","17:15:00","17:25:00","ToplakLudvik1942",1,"VsiZbor.1992-01-22.d010-04.sp-31","VsiZbor.1992-01-22.d010-04.sp-31.3",VsiZbor.1992-01-22.d010-04.toc-item1,"taxonomy.2.8","topic.50","na","Sl"
"parl.Skup","delovna seja",10,"1992-01-22","17:15:00","17:25:00","ToplakLudvik1942",1,"VsiZbor.1992-01-22.d010-04.sp-31","VsiZbor.1992-01-22.d010-04.sp-31.3",VsiZbor.1992-01-22.d010-04.toc-item1,"taxonomy.2.8","topic.50","podlaga","Ncfsl"
"parl.Skup","delovna seja",10,"1992-01-22","17:15:00","17:25:00","ToplakLudvik1942",1,"VsiZbor.1992-01-22.d010-04.sp-31","VsiZbor.1992-01-22.d010-04.sp-31.3",VsiZbor.1992-01-22.d010-04.toc-item1,"taxonomy.2.8","topic.50","4.","Mdo"
"parl.Skup","delovna seja",10,"1992-01-22","17:15:00","17:25:00","ToplakLudvik1942",1,"VsiZbor.1992-01-22.d010-04.sp-31","VsiZbor.1992-01-22.d010-04.sp-31.3",VsiZbor.1992-01-22.d010-04.toc-item1,"taxonomy.2.8","topic.50","odstavek","Ncmsg"
"parl.Skup","delovna seja",10,"1992-01-22","17:15:00","17:25:00","ToplakLudvik1942",1,"VsiZbor.1992-01-22.d010-04.sp-31","VsiZbor.1992-01-22.d010-04.sp-31.3",VsiZbor.1992-01-22.d010-04.toc-item1,"taxonomy.2.8","topic.50","amandma","Ncmsg"
"parl.Skup","delovna seja",10,"1992-01-22","17:15:00","17:25:00","ToplakLudvik1942",1,"VsiZbor.1992-01-22.d010-04.sp-31","VsiZbor.1992-01-22.d010-04.sp-31.3",VsiZbor.1992-01-22.d010-04.toc-item1,"taxonomy.2.8","topic.50","73","Mdc"
"parl.Skup","delovna seja",10,"1992-01-22","17:15:00","17:25:00","ToplakLudvik1942",1,"VsiZbor.1992-01-22.d010-04.sp-31","VsiZbor.1992-01-22.d010-04.sp-31.3",VsiZbor.1992-01-22.d010-04.toc-item1,"taxonomy.2.8","topic.50","k","Sd"
"parl.Skup","delovna seja",10,"1992-01-22","17:15:00","17:25:00","ToplakLudvik1942",1,"VsiZbor.1992-01-22.d010-04.sp-31","VsiZbor.1992-01-22.d010-04.sp-31.3",VsiZbor.1992-01-22.d010-04.toc-item1,"taxonomy.2.8","topic.50","ustava","Ncfsd"
"parl.Skup","delovna seja",10,"1992-01-22","17:15:00","17:25:00","ToplakLudvik1942",1,"VsiZbor.1992-01-22.d010-04.sp-31","VsiZbor.1992-01-22.d010-04.sp-31.3",VsiZbor.1992-01-22.d010-04.toc-item1,"taxonomy.2.8","topic.50","republika","Ncfsg"
"parl.Skup","delovna seja",10,"1992-01-22","17:15:00","17:25:00","ToplakLudvik1942",1,"VsiZbor.1992-01-22.d010-04.sp-31","VsiZbor.1992-01-22.d010-04.sp-31.3",VsiZbor.1992-01-22.d010-04.toc-item1,"taxonomy.2.8","topic.50","Slovenija","Npfsg"
"parl.Skup","delovna seja",10,"1992-01-22","17:15:00","17:25:00","ToplakLudvik1942",1,"VsiZbor.1992-01-22.d010-04.sp-31","VsiZbor.1992-01-22.d010-04.sp-31.3",VsiZbor.1992-01-22.d010-04.toc-item1,"taxonomy.2.8","topic.50","o","Sl"
"parl.Skup","delovna seja",10,"1992-01-22","17:15:00","17:25:00","ToplakLudvik1942",1,"VsiZbor.1992-01-22.d010-04.sp-31","VsiZbor.1992-01-22.d010-04.sp-31.3",VsiZbor.1992-01-22.d010-04.toc-item1,"taxonomy.2.8","topic.50","sporen","Agpnpl"
"parl.Skup","delovna seja",10,"1992-01-22","17:15:00","17:25:00","ToplakLudvik1942",1,"VsiZbor.1992-01-22.d010-04.sp-31","VsiZbor.1992-01-22.d010-04.sp-31.3",VsiZbor.1992-01-22.d010-04.toc-item1,"taxonomy.2.8","topic.50","vprašanje","Ncnpl"
"parl.Skup","delovna seja",10,"1992-01-22","17:15:00","17:25:00","ToplakLudvik1942",1,"VsiZbor.1992-01-22.d010-04.sp-31","VsiZbor.1992-01-22.d010-04.sp-31.3",VsiZbor.1992-01-22.d010-04.toc-item1,"taxonomy.2.8","topic.50","v","Sl"
"parl.Skup","delovna seja",10,"1992-01-22","17:15:00","17:25:00","ToplakLudvik1942",1,"VsiZbor.1992-01-22.d010-04.sp-31","VsiZbor.1992-01-22.d010-04.sp-31.3",VsiZbor.1992-01-22.d010-04.toc-item1,"taxonomy.2.8","topic.50","zveza","Ncfsl"
"parl.Skup","delovna seja",10,"1992-01-22","17:15:00","17:25:00","ToplakLudvik1942",1,"VsiZbor.1992-01-22.d010-04.sp-31","VsiZbor.1992-01-22.d010-04.sp-31.3",VsiZbor.1992-01-22.d010-04.toc-item1,"taxonomy.2.8","topic.50","z","Si"
"parl.Skup","delovna seja",10,"1992-01-22","17:15:00","17:25:00","ToplakLudvik1942",1,"VsiZbor.1992-01-22.d010-04.sp-31","VsiZbor.1992-01-22.d010-04.sp-31.3",VsiZbor.1992-01-22.d010-04.toc-item1,"taxonomy.2.8","topic.50","predlog","Ncmsi"
"parl.Skup","delovna seja",10,"1992-01-22","17:15:00","17:25:00","ToplakLudvik1942",1,"VsiZbor.1992-01-22.d010-04.sp-31","VsiZbor.1992-01-22.d010-04.sp-31.3",VsiZbor.1992-01-22.d010-04.toc-item1,"taxonomy.2.8","topic.50","zakon","Ncmsg"
"parl.Skup","delovna seja",10,"1992-01-22","17:15:00","17:25:00","ToplakLudvik1942",1,"VsiZbor.1992-01-22.d010-04.sp-31","VsiZbor.1992-01-22.d010-04.sp-31.3",VsiZbor.1992-01-22.d010-04.toc-item1,"taxonomy.2.8","topic.50","odločati","Vmpr3s"
"parl.Skup","delovna seja",10,"1992-01-22","17:15:00","17:25:00","ToplakLudvik1942",1,"VsiZbor.1992-01-22.d010-04.sp-31","VsiZbor.1992-01-22.d010-04.sp-31.3",VsiZbor.1992-01-22.d010-04.toc-item1,"taxonomy.2.8","topic.50","na","Sl"
"parl.Skup","delovna seja",10,"1992-01-22","17:15:00","17:25:00","ToplakLudvik1942",1,"VsiZbor.1992-01-22.d010-04.sp-31","VsiZbor.1992-01-22.d010-04.sp-31.3",VsiZbor.1992-01-22.d010-04.toc-item1,"taxonomy.2.8","topic.50","skupen","Agpfsl"
"parl.Skup","delovna seja",10,"1992-01-22","17:15:00","17:25:00","ToplakLudvik1942",1,"VsiZbor.1992-01-22.d010-04.sp-31","VsiZbor.1992-01-22.d010-04.sp-31.3",VsiZbor.1992-01-22.d010-04.toc-item1,"taxonomy.2.8","topic.50","seja","Ncfsl"
"parl.Skup","delovna seja",10,"1992-01-22","17:15:00","17:25:00","ToplakLudvik1942",1,"VsiZbor.1992-01-22.d010-04.sp-31","VsiZbor.1992-01-22.d010-04.sp-31.3",VsiZbor.1992-01-22.d010-04.toc-item1,"taxonomy.2.8","topic.50","ves","Pg-mpg"
"parl.Skup","delovna seja",10,"1992-01-22","17:15:00","17:25:00","ToplakLudvik1942",1,"VsiZbor.1992-01-22.d010-04.sp-31","VsiZbor.1992-01-22.d010-04.sp-31.3",VsiZbor.1992-01-22.d010-04.toc-item1,"taxonomy.2.8","topic.50","trije","Mlcmpg"
"parl.Skup","delovna seja",10,"1992-01-22","17:15:00","17:25:00","ToplakLudvik1942",1,"VsiZbor.1992-01-22.d010-04.sp-31","VsiZbor.1992-01-22.d010-04.sp-31.3",VsiZbor.1992-01-22.d010-04.toc-item1,"taxonomy.2.8","topic.50","zbor","Ncmpg"
"parl.Skup","delovna seja",10,"1992-01-22","17:15:00","17:25:00","ToplakLudvik1942",1,"VsiZbor.1992-01-22.d010-04.sp-31","VsiZbor.1992-01-22.d010-04.sp-31.3",VsiZbor.1992-01-22.d010-04.toc-item1,"taxonomy.2.8","topic.50","skupščina","Ncfsg"
"parl.Skup","delovna seja",10,"1992-01-22","17:15:00","17:25:00","ToplakLudvik1942",1,"VsiZbor.1992-01-22.d010-04.sp-31","VsiZbor.1992-01-22.d010-04.sp-31.3",VsiZbor.1992-01-22.d010-04.toc-item1,"taxonomy.2.8","topic.50","republika","Ncfsg"
"parl.Skup","delovna seja",10,"1992-01-22","17:15:00","17:25:00","ToplakLudvik1942",1,"VsiZbor.1992-01-22.d010-04.sp-31","VsiZbor.1992-01-22.d010-04.sp-31.3",VsiZbor.1992-01-22.d010-04.toc-item1,"taxonomy.2.8","topic.50","Slovenija","Npfsg"
"parl.Skup","delovna seja",10,"1992-01-22","17:15:00","17:25:00","ToplakLudvik1942",1,"VsiZbor.1992-01-22.d010-04.sp-31","VsiZbor.1992-01-22.d010-04.sp-31.4",VsiZbor.1992-01-22.d010-04.toc-item1,"taxonomy.2.8","topic.50","predlog","Ncmsn"
"parl.Skup","delovna seja",10,"1992-01-22","17:15:00","17:25:00","ToplakLudvik1942",1,"VsiZbor.1992-01-22.d010-04.sp-31","VsiZbor.1992-01-22.d010-04.sp-31.4",VsiZbor.1992-01-22.d010-04.toc-item1,"taxonomy.2.8","topic.50","zakon","Ncmsg"
"parl.Skup","delovna seja",10,"1992-01-22","17:15:00","17:25:00","ToplakLudvik1942",1,"VsiZbor.1992-01-22.d010-04.sp-31","VsiZbor.1992-01-22.d010-04.sp-31.4",VsiZbor.1992-01-22.d010-04.toc-item1,"taxonomy.2.8","topic.50","o","Sl"
"parl.Skup","delovna seja",10,"1992-01-22","17:15:00","17:25:00","ToplakLudvik1942",1,"VsiZbor.1992-01-22.d010-04.sp-31","VsiZbor.1992-01-22.d010-04.sp-31.4",VsiZbor.1992-01-22.d010-04.toc-item1,"taxonomy.2.8","topic.50","zadruga","Ncfpd"
"parl.Skup","delovna seja",10,"1992-01-22","17:15:00","17:25:00","ToplakLudvik1942",1,"VsiZbor.1992-01-22.d010-04.sp-31","VsiZbor.1992-01-22.d010-04.sp-31.4",VsiZbor.1992-01-22.d010-04.toc-item1,"taxonomy.2.8","topic.50","biti","Va-r1p-n"
"parl.Skup","delovna seja",10,"1992-01-22","17:15:00","17:25:00","ToplakLudvik1942",1,"VsiZbor.1992-01-22.d010-04.sp-31","VsiZbor.1992-01-22.d010-04.sp-31.4",VsiZbor.1992-01-22.d010-04.toc-item1,"taxonomy.2.8","topic.50","uvrstiti","Vmep-pm"
"parl.Skup","delovna seja",10,"1992-01-22","17:15:00","17:25:00","ToplakLudvik1942",1,"VsiZbor.1992-01-22.d010-04.sp-31","VsiZbor.1992-01-22.d010-04.sp-31.4",VsiZbor.1992-01-22.d010-04.toc-item1,"taxonomy.2.8","topic.50","na","Sa"
"parl.Skup","delovna seja",10,"1992-01-22","17:15:00","17:25:00","ToplakLudvik1942",1,"VsiZbor.1992-01-22.d010-04.sp-31","VsiZbor.1992-01-22.d010-04.sp-31.4",VsiZbor.1992-01-22.d010-04.toc-item1,"taxonomy.2.8","topic.50","dneven","Agpmsay"
"parl.Skup","delovna seja",10,"1992-01-22","17:15:00","17:25:00","ToplakLudvik1942",1,"VsiZbor.1992-01-22.d010-04.sp-31","VsiZbor.1992-01-22.d010-04.sp-31.4",VsiZbor.1992-01-22.d010-04.toc-item1,"taxonomy.2.8","topic.50","red","Ncmsan"
"parl.Skup","delovna seja",10,"1992-01-22","17:15:00","17:25:00","ToplakLudvik1942",1,"VsiZbor.1992-01-22.d010-04.sp-31","VsiZbor.1992-01-22.d010-04.sp-31.4",VsiZbor.1992-01-22.d010-04.toc-item1,"taxonomy.2.8","topic.50","skupen","Agpfsg"
"parl.Skup","delovna seja",10,"1992-01-22","17:15:00","17:25:00","ToplakLudvik1942",1,"VsiZbor.1992-01-22.d010-04.sp-31","VsiZbor.1992-01-22.d010-04.sp-31.4",VsiZbor.1992-01-22.d010-04.toc-item1,"taxonomy.2.8","topic.50","seja","Ncfsg"
"parl.Skup","delovna seja",10,"1992-01-22","17:15:00","17:25:00","ToplakLudvik1942",1,"VsiZbor.1992-01-22.d010-04.sp-31","VsiZbor.1992-01-22.d010-04.sp-31.4",VsiZbor.1992-01-22.d010-04.toc-item1,"taxonomy.2.8","topic.50","na","Sa"
"parl.Skup","delovna seja",10,"1992-01-22","17:15:00","17:25:00","ToplakLudvik1942",1,"VsiZbor.1992-01-22.d010-04.sp-31","VsiZbor.1992-01-22.d010-04.sp-31.4",VsiZbor.1992-01-22.d010-04.toc-item1,"taxonomy.2.8","topic.50","predlog","Ncmsan"
"parl.Skup","delovna seja",10,"1992-01-22","17:15:00","17:25:00","ToplakLudvik1942",1,"VsiZbor.1992-01-22.d010-04.sp-31","VsiZbor.1992-01-22.d010-04.sp-31.4",VsiZbor.1992-01-22.d010-04.toc-item1,"taxonomy.2.8","topic.50","družbenopolitičen","Agpmsg"
"parl.Skup","delovna seja",10,"1992-01-22","17:15:00","17:25:00","ToplakLudvik1942",1,"VsiZbor.1992-01-22.d010-04.sp-31","VsiZbor.1992-01-22.d010-04.sp-31.4",VsiZbor.1992-01-22.d010-04.toc-item1,"taxonomy.2.8","topic.50","zbor","Ncmsg"
"parl.Skup","delovna seja",10,"1992-01-22","17:15:00","17:25:00","ToplakLudvik1942",1,"VsiZbor.1992-01-22.d010-04.sp-31","VsiZbor.1992-01-22.d010-04.sp-31.4",VsiZbor.1992-01-22.d010-04.toc-item1,"taxonomy.2.8","topic.50","in","Cc"
"parl.Skup","delovna seja",10,"1992-01-22","17:15:00","17:25:00","ToplakLudvik1942",1,"VsiZbor.1992-01-22.d010-04.sp-31","VsiZbor.1992-01-22.d010-04.sp-31.4",VsiZbor.1992-01-22.d010-04.toc-item1,"taxonomy.2.8","topic.50","na","Sa"
"parl.Skup","delovna seja",10,"1992-01-22","17:15:00","17:25:00","ToplakLudvik1942",1,"VsiZbor.1992-01-22.d010-04.sp-31","VsiZbor.1992-01-22.d010-04.sp-31.4",VsiZbor.1992-01-22.d010-04.toc-item1,"taxonomy.2.8","topic.50","predlog","Ncmsan"
"parl.Skup","delovna seja",10,"1992-01-22","17:15:00","17:25:00","ToplakLudvik1942",1,"VsiZbor.1992-01-22.d010-04.sp-31","VsiZbor.1992-01-22.d010-04.sp-31.4",VsiZbor.1992-01-22.d010-04.toc-item1,"taxonomy.2.8","topic.50","zbor","Ncmsg"
"parl.Skup","delovna seja",10,"1992-01-22","17:15:00","17:25:00","ToplakLudvik1942",1,"VsiZbor.1992-01-22.d010-04.sp-31","VsiZbor.1992-01-22.d010-04.sp-31.4",VsiZbor.1992-01-22.d010-04.toc-item1,"taxonomy.2.8","topic.50","občina","Ncfpg"
"parl.Skup","delovna seja",10,"1992-01-22","17:15:00","17:25:00","ToplakLudvik1942",1,"VsiZbor.1992-01-22.d010-04.sp-31","VsiZbor.1992-01-22.d010-04.sp-31.4",VsiZbor.1992-01-22.d010-04.toc-item1,"taxonomy.2.8","topic.50","preden","Cs"
"parl.Skup","delovna seja",10,"1992-01-22","17:15:00","17:25:00","ToplakLudvik1942",1,"VsiZbor.1992-01-22.d010-04.sp-31","VsiZbor.1992-01-22.d010-04.sp-31.4",VsiZbor.1992-01-22.d010-04.toc-item1,"taxonomy.2.8","topic.50","preiti","Vmer1p"
"parl.Skup","delovna seja",10,"1992-01-22","17:15:00","17:25:00","ToplakLudvik1942",1,"VsiZbor.1992-01-22.d010-04.sp-31","VsiZbor.1992-01-22.d010-04.sp-31.4",VsiZbor.1992-01-22.d010-04.toc-item1,"taxonomy.2.8","topic.50","na","Sa"
"parl.Skup","delovna seja",10,"1992-01-22","17:15:00","17:25:00","ToplakLudvik1942",1,"VsiZbor.1992-01-22.d010-04.sp-31","VsiZbor.1992-01-22.d010-04.sp-31.4",VsiZbor.1992-01-22.d010-04.toc-item1,"taxonomy.2.8","topic.50","odločanje","Ncnsa"
"parl.Skup","delovna seja",10,"1992-01-22","17:15:00","17:25:00","ToplakLudvik1942",1,"VsiZbor.1992-01-22.d010-04.sp-31","VsiZbor.1992-01-22.d010-04.sp-31.4",VsiZbor.1992-01-22.d010-04.toc-item1,"taxonomy.2.8","topic.50","o","Sl"
"parl.Skup","delovna seja",10,"1992-01-22","17:15:00","17:25:00","ToplakLudvik1942",1,"VsiZbor.1992-01-22.d010-04.sp-31","VsiZbor.1992-01-22.d010-04.sp-31.4",VsiZbor.1992-01-22.d010-04.toc-item1,"taxonomy.2.8","topic.50","sporen","Agpnpl"
"parl.Skup","delovna seja",10,"1992-01-22","17:15:00","17:25:00","ToplakLudvik1942",1,"VsiZbor.1992-01-22.d010-04.sp-31","VsiZbor.1992-01-22.d010-04.sp-31.4",VsiZbor.1992-01-22.d010-04.toc-item1,"taxonomy.2.8","topic.50","vprašanje","Ncnpl"
"parl.Skup","delovna seja",10,"1992-01-22","17:15:00","17:25:00","ToplakLudvik1942",1,"VsiZbor.1992-01-22.d010-04.sp-31","VsiZbor.1992-01-22.d010-04.sp-31.4",VsiZbor.1992-01-22.d010-04.toc-item1,"taxonomy.2.8","topic.50","pri","Sl"
"parl.Skup","delovna seja",10,"1992-01-22","17:15:00","17:25:00","ToplakLudvik1942",1,"VsiZbor.1992-01-22.d010-04.sp-31","VsiZbor.1992-01-22.d010-04.sp-31.4",VsiZbor.1992-01-22.d010-04.toc-item1,"taxonomy.2.8","topic.50","predlog","Ncmsl"
"parl.Skup","delovna seja",10,"1992-01-22","17:15:00","17:25:00","ToplakLudvik1942",1,"VsiZbor.1992-01-22.d010-04.sp-31","VsiZbor.1992-01-22.d010-04.sp-31.4",VsiZbor.1992-01-22.d010-04.toc-item1,"taxonomy.2.8","topic.50","zakon","Ncmsg"
"parl.Skup","delovna seja",10,"1992-01-22","17:15:00","17:25:00","ToplakLudvik1942",1,"VsiZbor.1992-01-22.d010-04.sp-31","VsiZbor.1992-01-22.d010-04.sp-31.4",VsiZbor.1992-01-22.d010-04.toc-item1,"taxonomy.2.8","topic.50","o","Sl"
"parl.Skup","delovna seja",10,"1992-01-22","17:15:00","17:25:00","ToplakLudvik1942",1,"VsiZbor.1992-01-22.d010-04.sp-31","VsiZbor.1992-01-22.d010-04.sp-31.4",VsiZbor.1992-01-22.d010-04.toc-item1,"taxonomy.2.8","topic.50","zadruga","Ncfpl"
"parl.Skup","delovna seja",10,"1992-01-22","17:15:00","17:25:00","ToplakLudvik1942",1,"VsiZbor.1992-01-22.d010-04.sp-31","VsiZbor.1992-01-22.d010-04.sp-31.4",VsiZbor.1992-01-22.d010-04.toc-item1,"taxonomy.2.8","topic.50","morati","Vmpr1p"
"parl.Skup","delovna seja",10,"1992-01-22","17:15:00","17:25:00","ToplakLudvik1942",1,"VsiZbor.1992-01-22.d010-04.sp-31","VsiZbor.1992-01-22.d010-04.sp-31.4",VsiZbor.1992-01-22.d010-04.toc-item1,"taxonomy.2.8","topic.50","ugotoviti","Vmen"
"parl.Skup","delovna seja",10,"1992-01-22","17:15:00","17:25:00","ToplakLudvik1942",1,"VsiZbor.1992-01-22.d010-04.sp-31","VsiZbor.1992-01-22.d010-04.sp-31.4",VsiZbor.1992-01-22.d010-04.toc-item1,"taxonomy.2.8","topic.50","sklepčnost","Ncfsa"
"parl.Skup","delovna seja",10,"1992-01-22","17:15:00","17:25:00","ToplakLudvik1942",1,"VsiZbor.1992-01-22.d010-04.sp-31","VsiZbor.1992-01-22.d010-04.sp-31.4",VsiZbor.1992-01-22.d010-04.toc-item1,"taxonomy.2.8","topic.50","skupen","Agpfsg"
"parl.Skup","delovna seja",10,"1992-01-22","17:15:00","17:25:00","ToplakLudvik1942",1,"VsiZbor.1992-01-22.d010-04.sp-31","VsiZbor.1992-01-22.d010-04.sp-31.4",VsiZbor.1992-01-22.d010-04.toc-item1,"taxonomy.2.8","topic.50","seja","Ncfsg"
"parl.Skup","delovna seja",10,"1992-01-22","17:15:00","17:25:00","ToplakLudvik1942",1,"VsiZbor.1992-01-22.d010-04.sp-31","VsiZbor.1992-01-22.d010-04.sp-31.4",VsiZbor.1992-01-22.d010-04.toc-item1,"taxonomy.2.8","topic.50","na","Sl"
"parl.Skup","delovna seja",10,"1992-01-22","17:15:00","17:25:00","ToplakLudvik1942",1,"VsiZbor.1992-01-22.d010-04.sp-31","VsiZbor.1992-01-22.d010-04.sp-31.4",VsiZbor.1992-01-22.d010-04.toc-item1,"taxonomy.2.8","topic.50","kateri","Pq-fsl"
"parl.Skup","delovna seja",10,"1992-01-22","17:15:00","17:25:00","ToplakLudvik1942",1,"VsiZbor.1992-01-22.d010-04.sp-31","VsiZbor.1992-01-22.d010-04.sp-31.4",VsiZbor.1992-01-22.d010-04.toc-item1,"taxonomy.2.8","topic.50","morati","Vmpr3s"
"parl.Skup","delovna seja",10,"1992-01-22","17:15:00","17:25:00","ToplakLudvik1942",1,"VsiZbor.1992-01-22.d010-04.sp-31","VsiZbor.1992-01-22.d010-04.sp-31.4",VsiZbor.1992-01-22.d010-04.toc-item1,"taxonomy.2.8","topic.50","biti","Va-n"
"parl.Skup","delovna seja",10,"1992-01-22","17:15:00","17:25:00","ToplakLudvik1942",1,"VsiZbor.1992-01-22.d010-04.sp-31","VsiZbor.1992-01-22.d010-04.sp-31.4",VsiZbor.1992-01-22.d010-04.toc-item1,"taxonomy.2.8","topic.50","navzoč","Agpfsn"
"parl.Skup","delovna seja",10,"1992-01-22","17:15:00","17:25:00","ToplakLudvik1942",1,"VsiZbor.1992-01-22.d010-04.sp-31","VsiZbor.1992-01-22.d010-04.sp-31.4",VsiZbor.1992-01-22.d010-04.toc-item1,"taxonomy.2.8","topic.50","večina","Ncfsn"
"parl.Skup","delovna seja",10,"1992-01-22","17:15:00","17:25:00","ToplakLudvik1942",1,"VsiZbor.1992-01-22.d010-04.sp-31","VsiZbor.1992-01-22.d010-04.sp-31.4",VsiZbor.1992-01-22.d010-04.toc-item1,"taxonomy.2.8","topic.50","ves","Pg-mpg"
"parl.Skup","delovna seja",10,"1992-01-22","17:15:00","17:25:00","ToplakLudvik1942",1,"VsiZbor.1992-01-22.d010-04.sp-31","VsiZbor.1992-01-22.d010-04.sp-31.4",VsiZbor.1992-01-22.d010-04.toc-item1,"taxonomy.2.8","topic.50","delegat","Ncmpg"
"parl.Skup","delovna seja",10,"1992-01-22","17:15:00","17:25:00","ToplakLudvik1942",1,"VsiZbor.1992-01-22.d010-04.sp-31","VsiZbor.1992-01-22.d010-04.sp-31.4",VsiZbor.1992-01-22.d010-04.toc-item1,"taxonomy.2.8","topic.50","vsak","Pg-msg"
"parl.Skup","delovna seja",10,"1992-01-22","17:15:00","17:25:00","ToplakLudvik1942",1,"VsiZbor.1992-01-22.d010-04.sp-31","VsiZbor.1992-01-22.d010-04.sp-31.4",VsiZbor.1992-01-22.d010-04.toc-item1,"taxonomy.2.8","topic.50","zbor","Ncmsg"
"parl.Skup","delovna seja",10,"1992-01-22","17:15:00","17:25:00","ToplakLudvik1942",1,"VsiZbor.1992-01-22.d010-04.sp-31","VsiZbor.1992-01-22.d010-04.sp-31.4",VsiZbor.1992-01-22.d010-04.toc-item1,"taxonomy.2.8","topic.50","skupščina","Ncfsg"
"parl.Skup","delovna seja",10,"1992-01-22","17:15:00","17:25:00","ToplakLudvik1942",1,"VsiZbor.1992-01-22.d010-04.sp-31","VsiZbor.1992-01-22.d010-04.sp-31.4",VsiZbor.1992-01-22.d010-04.toc-item1,"taxonomy.2.8","topic.50","ta","Pd-nsn"
"parl.Skup","delovna seja",10,"1992-01-22","17:15:00","17:25:00","ToplakLudvik1942",1,"VsiZbor.1992-01-22.d010-04.sp-31","VsiZbor.1992-01-22.d010-04.sp-31.4",VsiZbor.1992-01-22.d010-04.toc-item1,"taxonomy.2.8","topic.50","biti","Va-r3s-n"
"parl.Skup","delovna seja",10,"1992-01-22","17:15:00","17:25:00","ToplakLudvik1942",1,"VsiZbor.1992-01-22.d010-04.sp-31","VsiZbor.1992-01-22.d010-04.sp-31.4",VsiZbor.1992-01-22.d010-04.toc-item1,"taxonomy.2.8","topic.50","po","Sl"
"parl.Skup","delovna seja",10,"1992-01-22","17:15:00","17:25:00","ToplakLudvik1942",1,"VsiZbor.1992-01-22.d010-04.sp-31","VsiZbor.1992-01-22.d010-04.sp-31.4",VsiZbor.1992-01-22.d010-04.toc-item1,"taxonomy.2.8","topic.50","ustaven","Agpmsl"
"parl.Skup","delovna seja",10,"1992-01-22","17:15:00","17:25:00","ToplakLudvik1942",1,"VsiZbor.1992-01-22.d010-04.sp-31","VsiZbor.1992-01-22.d010-04.sp-31.4",VsiZbor.1992-01-22.d010-04.toc-item1,"taxonomy.2.8","topic.50","amandma","Ncmsl"
"parl.Skup","delovna seja",10,"1992-01-22","17:15:00","17:25:00","ToplakLudvik1942",1,"VsiZbor.1992-01-22.d010-04.sp-31","VsiZbor.1992-01-22.d010-04.sp-31.4",VsiZbor.1992-01-22.d010-04.toc-item1,"taxonomy.2.8","topic.50","72","Mdc"
"parl.Skup","delovna seja",10,"1992-01-22","17:15:00","17:25:00","ToplakLudvik1942",1,"VsiZbor.1992-01-22.d010-04.sp-31","VsiZbor.1992-01-22.d010-04.sp-31.4",VsiZbor.1992-01-22.d010-04.toc-item1,"taxonomy.2.8","topic.50","k","Sd"
"parl.Skup","delovna seja",10,"1992-01-22","17:15:00","17:25:00","ToplakLudvik1942",1,"VsiZbor.1992-01-22.d010-04.sp-31","VsiZbor.1992-01-22.d010-04.sp-31.4",VsiZbor.1992-01-22.d010-04.toc-item1,"taxonomy.2.8","topic.50","ustava","Ncfsd"
"parl.Skup","delovna seja",10,"1992-01-22","17:15:00","17:25:00","ToplakLudvik1942",1,"VsiZbor.1992-01-22.d010-04.sp-31","VsiZbor.1992-01-22.d010-04.sp-31.4",VsiZbor.1992-01-22.d010-04.toc-item1,"taxonomy.2.8","topic.50","republika","Ncfsg"
"parl.Skup","delovna seja",10,"1992-01-22","17:15:00","17:25:00","ToplakLudvik1942",1,"VsiZbor.1992-01-22.d010-04.sp-31","VsiZbor.1992-01-22.d010-04.sp-31.4",VsiZbor.1992-01-22.d010-04.toc-item1,"taxonomy.2.8","topic.50","Slovenija","Npfsg"
"parl.Skup","delovna seja",10,"1992-01-22","17:15:00","17:25:00","ToplakLudvik1942",1,"VsiZbor.1992-01-22.d010-04.sp-31","VsiZbor.1992-01-22.d010-04.sp-31.4",VsiZbor.1992-01-22.d010-04.toc-item1,"taxonomy.2.8","topic.50","kadar","Cs"
"parl.Skup","delovna seja",10,"1992-01-22","17:15:00","17:25:00","ToplakLudvik1942",1,"VsiZbor.1992-01-22.d010-04.sp-31","VsiZbor.1992-01-22.d010-04.sp-31.4",VsiZbor.1992-01-22.d010-04.toc-item1,"taxonomy.2.8","topic.50","zbor","Ncmpn"
"parl.Skup","delovna seja",10,"1992-01-22","17:15:00","17:25:00","ToplakLudvik1942",1,"VsiZbor.1992-01-22.d010-04.sp-31","VsiZbor.1992-01-22.d010-04.sp-31.4",VsiZbor.1992-01-22.d010-04.toc-item1,"taxonomy.2.8","topic.50","odločati","Vmpr3p"
"parl.Skup","delovna seja",10,"1992-01-22","17:15:00","17:25:00","ToplakLudvik1942",1,"VsiZbor.1992-01-22.d010-04.sp-31","VsiZbor.1992-01-22.d010-04.sp-31.4",VsiZbor.1992-01-22.d010-04.toc-item1,"taxonomy.2.8","topic.50","na","Sl"
"parl.Skup","delovna seja",10,"1992-01-22","17:15:00","17:25:00","ToplakLudvik1942",1,"VsiZbor.1992-01-22.d010-04.sp-31","VsiZbor.1992-01-22.d010-04.sp-31.4",VsiZbor.1992-01-22.d010-04.toc-item1,"taxonomy.2.8","topic.50","skupen","Agpfsl"
"parl.Skup","delovna seja",10,"1992-01-22","17:15:00","17:25:00","ToplakLudvik1942",1,"VsiZbor.1992-01-22.d010-04.sp-31","VsiZbor.1992-01-22.d010-04.sp-31.4",VsiZbor.1992-01-22.d010-04.toc-item1,"taxonomy.2.8","topic.50","seja","Ncfsl"
"parl.Skup","delovna seja",10,"1992-01-22","17:15:00","17:25:00","ToplakLudvik1942",1,"VsiZbor.1992-01-22.d010-04.sp-31","VsiZbor.1992-01-22.d010-04.sp-31.4",VsiZbor.1992-01-22.d010-04.toc-item1,"taxonomy.2.8","topic.50","veljavno","Rgp"
"parl.Skup","delovna seja",10,"1992-01-22","17:15:00","17:25:00","ToplakLudvik1942",1,"VsiZbor.1992-01-22.d010-04.sp-31","VsiZbor.1992-01-22.d010-04.sp-31.4",VsiZbor.1992-01-22.d010-04.toc-item1,"taxonomy.2.8","topic.50","sklepati","Vmpr3p"
"parl.Skup","delovna seja",10,"1992-01-22","17:15:00","17:25:00","ToplakLudvik1942",1,"VsiZbor.1992-01-22.d010-04.sp-31","VsiZbor.1992-01-22.d010-04.sp-31.4",VsiZbor.1992-01-22.d010-04.toc-item1,"taxonomy.2.8","topic.50","z","Si"
"parl.Skup","delovna seja",10,"1992-01-22","17:15:00","17:25:00","ToplakLudvik1942",1,"VsiZbor.1992-01-22.d010-04.sp-31","VsiZbor.1992-01-22.d010-04.sp-31.4",VsiZbor.1992-01-22.d010-04.toc-item1,"taxonomy.2.8","topic.50","večina","Ncfsi"
"parl.Skup","delovna seja",10,"1992-01-22","17:15:00","17:25:00","ToplakLudvik1942",1,"VsiZbor.1992-01-22.d010-04.sp-31","VsiZbor.1992-01-22.d010-04.sp-31.4",VsiZbor.1992-01-22.d010-04.toc-item1,"taxonomy.2.8","topic.50","ves","Pg-mpg"
"parl.Skup","delovna seja",10,"1992-01-22","17:15:00","17:25:00","ToplakLudvik1942",1,"VsiZbor.1992-01-22.d010-04.sp-31","VsiZbor.1992-01-22.d010-04.sp-31.4",VsiZbor.1992-01-22.d010-04.toc-item1,"taxonomy.2.8","topic.50","delegat","Ncmpg"
"parl.Skup","delovna seja",10,"1992-01-22","17:15:00","17:25:00","ToplakLudvik1942",1,"VsiZbor.1992-01-22.d010-04.sp-31","VsiZbor.1992-01-22.d010-04.sp-31.4",VsiZbor.1992-01-22.d010-04.toc-item1,"taxonomy.2.8","topic.50","ves","Pg-mpg"
"parl.Skup","delovna seja",10,"1992-01-22","17:15:00","17:25:00","ToplakLudvik1942",1,"VsiZbor.1992-01-22.d010-04.sp-31","VsiZbor.1992-01-22.d010-04.sp-31.4",VsiZbor.1992-01-22.d010-04.toc-item1,"taxonomy.2.8","topic.50","trije","Mlcmpg"
"parl.Skup","delovna seja",10,"1992-01-22","17:15:00","17:25:00","ToplakLudvik1942",1,"VsiZbor.1992-01-22.d010-04.sp-31","VsiZbor.1992-01-22.d010-04.sp-31.4",VsiZbor.1992-01-22.d010-04.toc-item1,"taxonomy.2.8","topic.50","zbor","Ncmpg"
"parl.Skup","delovna seja",10,"1992-01-22","17:15:00","17:25:00","ToplakLudvik1942",1,"VsiZbor.1992-01-22.d010-04.sp-31","VsiZbor.1992-01-22.d010-04.sp-31.5",VsiZbor.1992-01-22.d010-04.toc-item1,"taxonomy.2.8","topic.50","preden","Cs"
"parl.Skup","delovna seja",10,"1992-01-22","17:15:00","17:25:00","ToplakLudvik1942",1,"VsiZbor.1992-01-22.d010-04.sp-31","VsiZbor.1992-01-22.d010-04.sp-31.5",VsiZbor.1992-01-22.d010-04.toc-item1,"taxonomy.2.8","topic.50","preiti","Vmer1p"
"parl.Skup","delovna seja",10,"1992-01-22","17:15:00","17:25:00","ToplakLudvik1942",1,"VsiZbor.1992-01-22.d010-04.sp-31","VsiZbor.1992-01-22.d010-04.sp-31.5",VsiZbor.1992-01-22.d010-04.toc-item1,"taxonomy.2.8","topic.50","na","Sa"
"parl.Skup","delovna seja",10,"1992-01-22","17:15:00","17:25:00","ToplakLudvik1942",1,"VsiZbor.1992-01-22.d010-04.sp-31","VsiZbor.1992-01-22.d010-04.sp-31.5",VsiZbor.1992-01-22.d010-04.toc-item1,"taxonomy.2.8","topic.50","odločanje","Ncnsa"
"parl.Skup","delovna seja",10,"1992-01-22","17:15:00","17:25:00","ToplakLudvik1942",1,"VsiZbor.1992-01-22.d010-04.sp-31","VsiZbor.1992-01-22.d010-04.sp-31.5",VsiZbor.1992-01-22.d010-04.toc-item1,"taxonomy.2.8","topic.50","ugotoviti","Vmer1p"
"parl.Skup","delovna seja",10,"1992-01-22","17:15:00","17:25:00","ToplakLudvik1942",1,"VsiZbor.1992-01-22.d010-04.sp-31","VsiZbor.1992-01-22.d010-04.sp-31.5",VsiZbor.1992-01-22.d010-04.toc-item1,"taxonomy.2.8","topic.50","navzočnost","Ncfsa"
"parl.Skup","delovna seja",10,"1992-01-22","17:15:00","17:25:00","ToplakLudvik1942",1,"VsiZbor.1992-01-22.d010-04.sp-31","VsiZbor.1992-01-22.d010-04.sp-31.5",VsiZbor.1992-01-22.d010-04.toc-item1,"taxonomy.2.8","topic.50","prositi","Vmpr1s"
"parl.Skup","delovna seja",10,"1992-01-22","17:15:00","17:25:00","ToplakLudvik1942",1,"VsiZbor.1992-01-22.d010-04.sp-31","VsiZbor.1992-01-22.d010-04.sp-31.5",VsiZbor.1992-01-22.d010-04.toc-item1,"taxonomy.2.8","topic.50","najprej","Rgs"
"parl.Skup","delovna seja",10,"1992-01-22","17:15:00","17:25:00","ToplakLudvik1942",1,"VsiZbor.1992-01-22.d010-04.sp-31","VsiZbor.1992-01-22.d010-04.sp-31.5",VsiZbor.1992-01-22.d010-04.toc-item1,"taxonomy.2.8","topic.50","poslanec","Ncmpa"
"parl.Skup","delovna seja",10,"1992-01-22","17:15:00","17:25:00","ToplakLudvik1942",1,"VsiZbor.1992-01-22.d010-04.sp-31","VsiZbor.1992-01-22.d010-04.sp-31.5",VsiZbor.1992-01-22.d010-04.toc-item1,"taxonomy.2.8","topic.50","družbenopolitičen","Agpmsg"
"parl.Skup","delovna seja",10,"1992-01-22","17:15:00","17:25:00","ToplakLudvik1942",1,"VsiZbor.1992-01-22.d010-04.sp-31","VsiZbor.1992-01-22.d010-04.sp-31.5",VsiZbor.1992-01-22.d010-04.toc-item1,"taxonomy.2.8","topic.50","zbor","Ncmsg"
"parl.Skup","delovna seja",10,"1992-01-22","17:15:00","17:25:00","ToplakLudvik1942",1,"VsiZbor.1992-01-22.d010-04.sp-31","VsiZbor.1992-01-22.d010-04.sp-31.5",VsiZbor.1992-01-22.d010-04.toc-item1,"taxonomy.2.8","topic.50","da","Cs"
"parl.Skup","delovna seja",10,"1992-01-22","17:15:00","17:25:00","ToplakLudvik1942",1,"VsiZbor.1992-01-22.d010-04.sp-31","VsiZbor.1992-01-22.d010-04.sp-31.5",VsiZbor.1992-01-22.d010-04.toc-item1,"taxonomy.2.8","topic.50","ugotoviti","Vmer1p"
"parl.Skup","delovna seja",10,"1992-01-22","17:15:00","17:25:00","ToplakLudvik1942",1,"VsiZbor.1992-01-22.d010-04.sp-31","VsiZbor.1992-01-22.d010-04.sp-31.5",VsiZbor.1992-01-22.d010-04.toc-item1,"taxonomy.2.8","topic.50","navzočnost","Ncfsa"
"parl.Skup","delovna seja",10,"1992-01-22","17:15:00","17:25:00","ToplakLudvik1942",1,"VsiZbor.1992-01-22.d010-04.sp-31","VsiZbor.1992-01-22.d010-04.sp-31.5",VsiZbor.1992-01-22.d010-04.toc-item1,"taxonomy.2.8","topic.50","poslanec","Ncmpn"
"parl.Skup","delovna seja",10,"1992-01-22","17:15:00","17:25:00","ToplakLudvik1942",1,"VsiZbor.1992-01-22.d010-04.sp-31","VsiZbor.1992-01-22.d010-04.sp-31.5",VsiZbor.1992-01-22.d010-04.toc-item1,"taxonomy.2.8","topic.50","družbenopolitičen","Agpmsg"
"parl.Skup","delovna seja",10,"1992-01-22","17:15:00","17:25:00","ToplakLudvik1942",1,"VsiZbor.1992-01-22.d010-04.sp-31","VsiZbor.1992-01-22.d010-04.sp-31.5",VsiZbor.1992-01-22.d010-04.toc-item1,"taxonomy.2.8","topic.50","zbor","Ncmsg"
"parl.Skup","delovna seja",10,"1992-01-22","17:15:00","17:25:00","ToplakLudvik1942",1,"VsiZbor.1992-01-22.d010-04.sp-31","VsiZbor.1992-01-22.d010-04.sp-31.7",VsiZbor.1992-01-22.d010-04.toc-item1,"taxonomy.2.8","topic.50","poslanec","Ncmpn"
"parl.Skup","delovna seja",10,"1992-01-22","17:15:00","17:25:00","ToplakLudvik1942",1,"VsiZbor.1992-01-22.d010-04.sp-31","VsiZbor.1992-01-22.d010-04.sp-31.7",VsiZbor.1992-01-22.d010-04.toc-item1,"taxonomy.2.8","topic.50","zbor","Ncmsg"
"parl.Skup","delovna seja",10,"1992-01-22","17:15:00","17:25:00","ToplakLudvik1942",1,"VsiZbor.1992-01-22.d010-04.sp-31","VsiZbor.1992-01-22.d010-04.sp-31.7",VsiZbor.1992-01-22.d010-04.toc-item1,"taxonomy.2.8","topic.50","občina","Ncfpg"
"parl.Skup","delovna seja",10,"1992-01-22","17:15:00","17:25:00","ToplakLudvik1942",1,"VsiZbor.1992-01-22.d010-04.sp-31","VsiZbor.1992-01-22.d010-04.sp-31.9",VsiZbor.1992-01-22.d010-04.toc-item1,"taxonomy.2.8","topic.50","poslanec","Ncmpn"
"parl.Skup","delovna seja",10,"1992-01-22","17:15:00","17:25:00","ToplakLudvik1942",1,"VsiZbor.1992-01-22.d010-04.sp-31","VsiZbor.1992-01-22.d010-04.sp-31.9",VsiZbor.1992-01-22.d010-04.toc-item1,"taxonomy.2.8","topic.50","zbor","Ncmsg"
"parl.Skup","delovna seja",10,"1992-01-22","17:15:00","17:25:00","ToplakLudvik1942",1,"VsiZbor.1992-01-22.d010-04.sp-31","VsiZbor.1992-01-22.d010-04.sp-31.9",VsiZbor.1992-01-22.d010-04.toc-item1,"taxonomy.2.8","topic.50","združen","Appnsg"
"parl.Skup","delovna seja",10,"1992-01-22","17:15:00","17:25:00","ToplakLudvik1942",1,"VsiZbor.1992-01-22.d010-04.sp-31","VsiZbor.1992-01-22.d010-04.sp-31.9",VsiZbor.1992-01-22.d010-04.toc-item1,"taxonomy.2.8","topic.50","delo","Ncnsg"
"parl.Skup","delovna seja",10,"1992-01-22","17:15:00","17:25:00","ToplakLudvik1942",1,"VsiZbor.1992-01-22.d010-04.sp-31","VsiZbor.1992-01-22.d010-04.sp-31.12",VsiZbor.1992-01-22.d010-04.toc-item1,"taxonomy.2.8","topic.50","ugotavljati","Vmpr1s"
"parl.Skup","delovna seja",10,"1992-01-22","17:15:00","17:25:00","ToplakLudvik1942",1,"VsiZbor.1992-01-22.d010-04.sp-31","VsiZbor.1992-01-22.d010-04.sp-31.12",VsiZbor.1992-01-22.d010-04.toc-item1,"taxonomy.2.8","topic.50","da","Cs"
"parl.Skup","delovna seja",10,"1992-01-22","17:15:00","17:25:00","ToplakLudvik1942",1,"VsiZbor.1992-01-22.d010-04.sp-31","VsiZbor.1992-01-22.d010-04.sp-31.12",VsiZbor.1992-01-22.d010-04.toc-item1,"taxonomy.2.8","topic.50","za","Sa"
"parl.Skup","delovna seja",10,"1992-01-22","17:15:00","17:25:00","ToplakLudvik1942",1,"VsiZbor.1992-01-22.d010-04.sp-31","VsiZbor.1992-01-22.d010-04.sp-31.12",VsiZbor.1992-01-22.d010-04.toc-item1,"taxonomy.2.8","topic.50","delo","Ncnsa"
"parl.Skup","delovna seja",10,"1992-01-22","17:15:00","17:25:00","ToplakLudvik1942",1,"VsiZbor.1992-01-22.d010-04.sp-31","VsiZbor.1992-01-22.d010-04.sp-31.12",VsiZbor.1992-01-22.d010-04.toc-item1,"taxonomy.2.8","topic.50","biti","Va-r1p-y"
"parl.Skup","delovna seja",10,"1992-01-22","17:15:00","17:25:00","ToplakLudvik1942",1,"VsiZbor.1992-01-22.d010-04.sp-31","VsiZbor.1992-01-22.d010-04.sp-31.12",VsiZbor.1992-01-22.d010-04.toc-item1,"taxonomy.2.8","topic.50","sklepčen","Agpmpn"
"parl.Skup","delovna seja",10,"1992-01-22","17:15:00","17:25:00","ToplakLudvik1942",1,"VsiZbor.1992-01-22.d010-04.sp-31","VsiZbor.1992-01-22.d010-04.sp-31.12",VsiZbor.1992-01-22.d010-04.toc-item1,"taxonomy.2.8","topic.50","gospod","Ncmsn"
"parl.Skup","delovna seja",10,"1992-01-22","17:15:00","17:25:00","ToplakLudvik1942",1,"VsiZbor.1992-01-22.d010-04.sp-31","VsiZbor.1992-01-22.d010-04.sp-31.12",VsiZbor.1992-01-22.d010-04.toc-item1,"taxonomy.2.8","topic.50","mak","Ncmsan"
"parl.Skup","delovna seja",10,"1992-01-22","17:15:00","17:25:00","ToplakLudvik1942",1,"VsiZbor.1992-01-22.d010-04.sp-31","VsiZbor.1992-01-22.d010-04.sp-31.12",VsiZbor.1992-01-22.d010-04.toc-item1,"taxonomy.2.8","topic.50","želeti","Vmpr3s"
"parl.Skup","delovna seja",10,"1992-01-22","17:15:00","17:25:00","ToplakLudvik1942",1,"VsiZbor.1992-01-22.d010-04.sp-31","VsiZbor.1992-01-22.d010-04.sp-31.12",VsiZbor.1992-01-22.d010-04.toc-item1,"taxonomy.2.8","topic.50","beseda","Ncfsa"
"parl.Skup","delovna seja",10,"1992-01-22","17:15:00","17:25:00","ToplakLudvik1942",1,"VsiZbor.1992-01-22.d010-04.sp-31","VsiZbor.1992-01-22.d010-04.sp-31.12",VsiZbor.1992-01-22.d010-04.toc-item1,"taxonomy.2.8","topic.50","samo","Q"
"parl.Skup","delovna seja",10,"1992-01-22","17:15:00","17:25:00","ToplakLudvik1942",1,"VsiZbor.1992-01-22.d010-04.sp-31","VsiZbor.1992-01-22.d010-04.sp-31.12",VsiZbor.1992-01-22.d010-04.toc-item1,"taxonomy.2.8","topic.50","prositi","Vmpr1s"
"parl.Skup","delovna seja",10,"1992-01-22","17:15:00","17:25:00","ToplakLudvik1942",1,"VsiZbor.1992-01-22.d010-04.sp-31","VsiZbor.1992-01-22.d010-04.sp-31.12",VsiZbor.1992-01-22.d010-04.toc-item1,"taxonomy.2.8","topic.50","če","Cs"
"parl.Skup","delovna seja",10,"1992-01-22","17:15:00","17:25:00","ToplakLudvik1942",1,"VsiZbor.1992-01-22.d010-04.sp-31","VsiZbor.1992-01-22.d010-04.sp-31.12",VsiZbor.1992-01-22.d010-04.toc-item1,"taxonomy.2.8","topic.50","biti","Va-r3s-n"
"parl.Skup","delovna seja",10,"1992-01-22","17:15:00","17:25:00","ToplakLudvik1942",1,"VsiZbor.1992-01-22.d010-04.sp-31","VsiZbor.1992-01-22.d010-04.sp-31.12",VsiZbor.1992-01-22.d010-04.toc-item1,"taxonomy.2.8","topic.50","proceduralen","Agpnsn"
"parl.Skup","delovna seja",10,"1992-01-22","17:15:00","17:25:00","ToplakLudvik1942",1,"VsiZbor.1992-01-22.d010-04.sp-31","VsiZbor.1992-01-22.d010-04.sp-31.12",VsiZbor.1992-01-22.d010-04.toc-item1,"taxonomy.2.8","topic.50","vprašanje","Ncnsn"
"parl.Skup","delovna seja",10,"1992-01-22","17:15:00","17:25:00","ToplakLudvik1942",1,"VsiZbor.1992-01-22.d010-04.sp-31","VsiZbor.1992-01-22.d010-04.sp-31.12",VsiZbor.1992-01-22.d010-04.toc-item1,"taxonomy.2.8","topic.50","razprava","Ncfsg"
"parl.Skup","delovna seja",10,"1992-01-22","17:15:00","17:25:00","ToplakLudvik1942",1,"VsiZbor.1992-01-22.d010-04.sp-31","VsiZbor.1992-01-22.d010-04.sp-31.12",VsiZbor.1992-01-22.d010-04.toc-item1,"taxonomy.2.8","topic.50","biti","Va-r3s-y"
"parl.Skup","delovna seja",10,"1992-01-22","17:15:00","17:25:00","ToplakLudvik1942",1,"VsiZbor.1992-01-22.d010-04.sp-31","VsiZbor.1992-01-22.d010-04.sp-31.12",VsiZbor.1992-01-22.d010-04.toc-item1,"taxonomy.2.8","topic.50","biti","Va-r1p-y"
"parl.Skup","delovna seja",10,"1992-01-22","17:15:00","17:25:00","ToplakLudvik1942",1,"VsiZbor.1992-01-22.d010-04.sp-31","VsiZbor.1992-01-22.d010-04.sp-31.12",VsiZbor.1992-01-22.d010-04.toc-item1,"taxonomy.2.8","topic.50","sklepčen","Agpmpn"
"parl.Skup","delovna seja",10,"1992-01-22","17:15:00","17:25:00","ToplakLudvik1942",1,"VsiZbor.1992-01-22.d010-04.sp-31","VsiZbor.1992-01-22.d010-04.sp-31.12",VsiZbor.1992-01-22.d010-04.toc-item1,"taxonomy.2.8","topic.50","proceduralen","Agpnsn"
"parl.Skup","delovna seja",10,"1992-01-22","17:15:00","17:25:00","ToplakLudvik1942",1,"VsiZbor.1992-01-22.d010-04.sp-31","VsiZbor.1992-01-22.d010-04.sp-31.12",VsiZbor.1992-01-22.d010-04.toc-item1,"taxonomy.2.8","topic.50","vprašanje","Ncnsn"
"parl.Skup","delovna seja",10,"1992-01-22","17:15:00","17:25:00","ToplakLudvik1942",1,"VsiZbor.1992-01-22.d010-04.sp-31","VsiZbor.1992-01-22.d010-04.sp-31.12",VsiZbor.1992-01-22.d010-04.toc-item1,"taxonomy.2.8","topic.50","gospod","Ncmsn"
"parl.Skup","delovna seja",10,"1992-01-22","17:15:00","17:25:00","ToplakLudvik1942",1,"VsiZbor.1992-01-22.d010-04.sp-31","VsiZbor.1992-01-22.d010-04.sp-31.12",VsiZbor.1992-01-22.d010-04.toc-item1,"taxonomy.2.8","topic.50","mak","Ncmsn"
"parl.Skup","delovna seja",10,"1992-01-22","17:15:00","17:25:00","ToplakLudvik1942",1,"VsiZbor.1992-01-22.d010-04.sp-31","VsiZbor.1992-01-22.d010-04.sp-31.12",VsiZbor.1992-01-22.d010-04.toc-item1,"taxonomy.2.8","topic.50","prositi","Vmpr1s"
"parl.Skup","delovna seja",10,"1992-01-22","17:15:00","17:25:00","MakViljem1937",0,"VsiZbor.1992-01-22.d010-04.sp-32","VsiZbor.1992-01-22.d010-04.sp-32.2",VsiZbor.1992-01-22.d010-04.toc-item1,"taxonomy.2.8","topic.50","danes","Rgp"
"parl.Skup","delovna seja",10,"1992-01-22","17:15:00","17:25:00","MakViljem1937",0,"VsiZbor.1992-01-22.d010-04.sp-32","VsiZbor.1992-01-22.d010-04.sp-32.2",VsiZbor.1992-01-22.d010-04.toc-item1,"taxonomy.2.8","topic.50","biti","Va-r3s-n"
"parl.Skup","delovna seja",10,"1992-01-22","17:15:00","17:25:00","MakViljem1937",0,"VsiZbor.1992-01-22.d010-04.sp-32","VsiZbor.1992-01-22.d010-04.sp-32.2",VsiZbor.1992-01-22.d010-04.toc-item1,"taxonomy.2.8","topic.50","četrti","Mlofsn"
"parl.Skup","delovna seja",10,"1992-01-22","17:15:00","17:25:00","MakViljem1937",0,"VsiZbor.1992-01-22.d010-04.sp-32","VsiZbor.1992-01-22.d010-04.sp-32.2",VsiZbor.1992-01-22.d010-04.toc-item1,"taxonomy.2.8","topic.50","seja","Ncfsn"
"parl.Skup","delovna seja",10,"1992-01-22","17:15:00","17:25:00","MakViljem1937",0,"VsiZbor.1992-01-22.d010-04.sp-32","VsiZbor.1992-01-22.d010-04.sp-32.2",VsiZbor.1992-01-22.d010-04.toc-item1,"taxonomy.2.8","topic.50","o","Sl"
"parl.Skup","delovna seja",10,"1992-01-22","17:15:00","17:25:00","MakViljem1937",0,"VsiZbor.1992-01-22.d010-04.sp-32","VsiZbor.1992-01-22.d010-04.sp-32.2",VsiZbor.1992-01-22.d010-04.toc-item1,"taxonomy.2.8","topic.50","isti","Pi-fsl"
"parl.Skup","delovna seja",10,"1992-01-22","17:15:00","17:25:00","MakViljem1937",0,"VsiZbor.1992-01-22.d010-04.sp-32","VsiZbor.1992-01-22.d010-04.sp-32.2",VsiZbor.1992-01-22.d010-04.toc-item1,"taxonomy.2.8","topic.50","tema","Ncfsl"
"parl.Skup","delovna seja",10,"1992-01-22","17:15:00","17:25:00","MakViljem1937",0,"VsiZbor.1992-01-22.d010-04.sp-32","VsiZbor.1992-01-22.d010-04.sp-32.2",VsiZbor.1992-01-22.d010-04.toc-item1,"taxonomy.2.8","topic.50","trikrat","Rgp"
"parl.Skup","delovna seja",10,"1992-01-22","17:15:00","17:25:00","MakViljem1937",0,"VsiZbor.1992-01-22.d010-04.sp-32","VsiZbor.1992-01-22.d010-04.sp-32.2",VsiZbor.1992-01-22.d010-04.toc-item1,"taxonomy.2.8","topic.50","biti","Va-r1s-n"
"parl.Skup","delovna seja",10,"1992-01-22","17:15:00","17:25:00","MakViljem1937",0,"VsiZbor.1992-01-22.d010-04.sp-32","VsiZbor.1992-01-22.d010-04.sp-32.2",VsiZbor.1992-01-22.d010-04.toc-item1,"taxonomy.2.8","topic.50","prečitati","Vmep-sm"
"parl.Skup","delovna seja",10,"1992-01-22","17:15:00","17:25:00","MakViljem1937",0,"VsiZbor.1992-01-22.d010-04.sp-32","VsiZbor.1992-01-22.d010-04.sp-32.2",VsiZbor.1992-01-22.d010-04.toc-item1,"taxonomy.2.8","topic.50","v","Sl"
"parl.Skup","delovna seja",10,"1992-01-22","17:15:00","17:25:00","MakViljem1937",0,"VsiZbor.1992-01-22.d010-04.sp-32","VsiZbor.1992-01-22.d010-04.sp-32.2",VsiZbor.1992-01-22.d010-04.toc-item1,"taxonomy.2.8","topic.50","časopis","Ncmsl"
"parl.Skup","delovna seja",10,"1992-01-22","17:15:00","17:25:00","MakViljem1937",0,"VsiZbor.1992-01-22.d010-04.sp-32","VsiZbor.1992-01-22.d010-04.sp-32.2",VsiZbor.1992-01-22.d010-04.toc-item1,"taxonomy.2.8","topic.50","da","Cs"
"parl.Skup","delovna seja",10,"1992-01-22","17:15:00","17:25:00","MakViljem1937",0,"VsiZbor.1992-01-22.d010-04.sp-32","VsiZbor.1992-01-22.d010-04.sp-32.2",VsiZbor.1992-01-22.d010-04.toc-item1,"taxonomy.2.8","topic.50","biti","Va-r3s-n"
"parl.Skup","delovna seja",10,"1992-01-22","17:15:00","17:25:00","MakViljem1937",0,"VsiZbor.1992-01-22.d010-04.sp-32","VsiZbor.1992-01-22.d010-04.sp-32.2",VsiZbor.1992-01-22.d010-04.toc-item1,"taxonomy.2.8","topic.50","seja","Ncfsn"
"parl.Skup","delovna seja",10,"1992-01-22","17:15:00","17:25:00","MakViljem1937",0,"VsiZbor.1992-01-22.d010-04.sp-32","VsiZbor.1992-01-22.d010-04.sp-32.2",VsiZbor.1992-01-22.d010-04.toc-item1,"taxonomy.2.8","topic.50","odpasti","Vmep-sf"
"parl.Skup","delovna seja",10,"1992-01-22","17:15:00","17:25:00","MakViljem1937",0,"VsiZbor.1992-01-22.d010-04.sp-32","VsiZbor.1992-01-22.d010-04.sp-32.2",VsiZbor.1992-01-22.d010-04.toc-item1,"taxonomy.2.8","topic.50","zato","Rgp"
"parl.Skup","delovna seja",10,"1992-01-22","17:15:00","17:25:00","MakViljem1937",0,"VsiZbor.1992-01-22.d010-04.sp-32","VsiZbor.1992-01-22.d010-04.sp-32.2",VsiZbor.1992-01-22.d010-04.toc-item1,"taxonomy.2.8","topic.50","ker","Cs"
"parl.Skup","delovna seja",10,"1992-01-22","17:15:00","17:25:00","MakViljem1937",0,"VsiZbor.1992-01-22.d010-04.sp-32","VsiZbor.1992-01-22.d010-04.sp-32.2",VsiZbor.1992-01-22.d010-04.toc-item1,"taxonomy.2.8","topic.50","biti","Va-r1p-n"
"parl.Skup","delovna seja",10,"1992-01-22","17:15:00","17:25:00","MakViljem1937",0,"VsiZbor.1992-01-22.d010-04.sp-32","VsiZbor.1992-01-22.d010-04.sp-32.2",VsiZbor.1992-01-22.d010-04.toc-item1,"taxonomy.2.8","topic.50","poslanec","Ncmpn"
"parl.Skup","delovna seja",10,"1992-01-22","17:15:00","17:25:00","MakViljem1937",0,"VsiZbor.1992-01-22.d010-04.sp-32","VsiZbor.1992-01-22.d010-04.sp-32.2",VsiZbor.1992-01-22.d010-04.toc-item1,"taxonomy.2.8","topic.50","zbor","Ncmsg"
"parl.Skup","delovna seja",10,"1992-01-22","17:15:00","17:25:00","MakViljem1937",0,"VsiZbor.1992-01-22.d010-04.sp-32","VsiZbor.1992-01-22.d010-04.sp-32.2",VsiZbor.1992-01-22.d010-04.toc-item1,"taxonomy.2.8","topic.50","združen","Appnsg"
"parl.Skup","delovna seja",10,"1992-01-22","17:15:00","17:25:00","MakViljem1937",0,"VsiZbor.1992-01-22.d010-04.sp-32","VsiZbor.1992-01-22.d010-04.sp-32.2",VsiZbor.1992-01-22.d010-04.toc-item1,"taxonomy.2.8","topic.50","delo","Ncnsg"
"parl.Skup","delovna seja",10,"1992-01-22","17:15:00","17:25:00","MakViljem1937",0,"VsiZbor.1992-01-22.d010-04.sp-32","VsiZbor.1992-01-22.d010-04.sp-32.2",VsiZbor.1992-01-22.d010-04.toc-item1,"taxonomy.2.8","topic.50","nesklepčen","Agpmpn"
"parl.Skup","delovna seja",10,"1992-01-22","17:15:00","17:25:00","MakViljem1937",0,"VsiZbor.1992-01-22.d010-04.sp-32","VsiZbor.1992-01-22.d010-04.sp-32.2",VsiZbor.1992-01-22.d010-04.toc-item1,"taxonomy.2.8","topic.50","četrtič","Rgp"
"parl.Skup","delovna seja",10,"1992-01-22","17:15:00","17:25:00","MakViljem1937",0,"VsiZbor.1992-01-22.d010-04.sp-32","VsiZbor.1992-01-22.d010-04.sp-32.2",VsiZbor.1992-01-22.d010-04.toc-item1,"taxonomy.2.8","topic.50","sram","Ncmsn"
"parl.Skup","delovna seja",10,"1992-01-22","17:15:00","17:25:00","MakViljem1937",0,"VsiZbor.1992-01-22.d010-04.sp-32","VsiZbor.1992-01-22.d010-04.sp-32.2",VsiZbor.1992-01-22.d010-04.toc-item1,"taxonomy.2.8","topic.50","jaz","Pp1-sa--y"
"parl.Skup","delovna seja",10,"1992-01-22","17:15:00","17:25:00","MakViljem1937",0,"VsiZbor.1992-01-22.d010-04.sp-32","VsiZbor.1992-01-22.d010-04.sp-32.2",VsiZbor.1992-01-22.d010-04.toc-item1,"taxonomy.2.8","topic.50","biti","Va-r3s-n"
"parl.Skup","delovna seja",10,"1992-01-22","17:15:00","17:25:00","MakViljem1937",0,"VsiZbor.1992-01-22.d010-04.sp-32","VsiZbor.1992-01-22.d010-04.sp-32.2",VsiZbor.1992-01-22.d010-04.toc-item1,"taxonomy.2.8","topic.50","iti","Vmbn"
"parl.Skup","delovna seja",10,"1992-01-22","17:15:00","17:25:00","MakViljem1937",0,"VsiZbor.1992-01-22.d010-04.sp-32","VsiZbor.1992-01-22.d010-04.sp-32.2",VsiZbor.1992-01-22.d010-04.toc-item1,"taxonomy.2.8","topic.50","v","Sa"
"parl.Skup","delovna seja",10,"1992-01-22","17:15:00","17:25:00","MakViljem1937",0,"VsiZbor.1992-01-22.d010-04.sp-32","VsiZbor.1992-01-22.d010-04.sp-32.2",VsiZbor.1992-01-22.d010-04.toc-item1,"taxonomy.2.8","topic.50","služba","Ncfsa"
"parl.Skup","delovna seja",10,"1992-01-22","17:15:00","17:25:00","MakViljem1937",0,"VsiZbor.1992-01-22.d010-04.sp-32","VsiZbor.1992-01-22.d010-04.sp-32.2",VsiZbor.1992-01-22.d010-04.toc-item1,"taxonomy.2.8","topic.50","jutri","Rgp"
"parl.Skup","delovna seja",10,"1992-01-22","17:15:00","17:25:00","MakViljem1937",0,"VsiZbor.1992-01-22.d010-04.sp-32","VsiZbor.1992-01-22.d010-04.sp-32.2",VsiZbor.1992-01-22.d010-04.toc-item1,"taxonomy.2.8","topic.50","kjer","Cs"
"parl.Skup","delovna seja",10,"1992-01-22","17:15:00","17:25:00","MakViljem1937",0,"VsiZbor.1992-01-22.d010-04.sp-32","VsiZbor.1992-01-22.d010-04.sp-32.2",VsiZbor.1992-01-22.d010-04.toc-item1,"taxonomy.2.8","topic.50","biti","Va-r1s-n"
"parl.Skup","delovna seja",10,"1992-01-22","17:15:00","17:25:00","MakViljem1937",0,"VsiZbor.1992-01-22.d010-04.sp-32","VsiZbor.1992-01-22.d010-04.sp-32.2",VsiZbor.1992-01-22.d010-04.toc-item1,"taxonomy.2.8","topic.50","zaposlen","Appmsnn"
"parl.Skup","delovna seja",10,"1992-01-22","17:15:00","17:25:00","MakViljem1937",0,"VsiZbor.1992-01-22.d010-04.sp-32","VsiZbor.1992-01-22.d010-04.sp-32.2",VsiZbor.1992-01-22.d010-04.toc-item1,"taxonomy.2.8","topic.50","ker","Cs"
"parl.Skup","delovna seja",10,"1992-01-22","17:15:00","17:25:00","MakViljem1937",0,"VsiZbor.1992-01-22.d010-04.sp-32","VsiZbor.1992-01-22.d010-04.sp-32.2",VsiZbor.1992-01-22.d010-04.toc-item1,"taxonomy.2.8","topic.50","moj","Ps1mpns"
"parl.Skup","delovna seja",10,"1992-01-22","17:15:00","17:25:00","MakViljem1937",0,"VsiZbor.1992-01-22.d010-04.sp-32","VsiZbor.1992-01-22.d010-04.sp-32.2",VsiZbor.1992-01-22.d010-04.toc-item1,"taxonomy.2.8","topic.50","volilec","Ncmpn"
"parl.Skup","delovna seja",10,"1992-01-22","17:15:00","17:25:00","MakViljem1937",0,"VsiZbor.1992-01-22.d010-04.sp-32","VsiZbor.1992-01-22.d010-04.sp-32.2",VsiZbor.1992-01-22.d010-04.toc-item1,"taxonomy.2.8","topic.50","smatrati","Vmpr3p"
"parl.Skup","delovna seja",10,"1992-01-22","17:15:00","17:25:00","MakViljem1937",0,"VsiZbor.1992-01-22.d010-04.sp-32","VsiZbor.1992-01-22.d010-04.sp-32.2",VsiZbor.1992-01-22.d010-04.toc-item1,"taxonomy.2.8","topic.50","da","Cs"
"parl.Skup","delovna seja",10,"1992-01-22","17:15:00","17:25:00","MakViljem1937",0,"VsiZbor.1992-01-22.d010-04.sp-32","VsiZbor.1992-01-22.d010-04.sp-32.2",VsiZbor.1992-01-22.d010-04.toc-item1,"taxonomy.2.8","topic.50","sedaj","Rgp"
"parl.Skup","delovna seja",10,"1992-01-22","17:15:00","17:25:00","MakViljem1937",0,"VsiZbor.1992-01-22.d010-04.sp-32","VsiZbor.1992-01-22.d010-04.sp-32.2",VsiZbor.1992-01-22.d010-04.toc-item1,"taxonomy.2.8","topic.50","piti","Vmpr1s"
"parl.Skup","delovna seja",10,"1992-01-22","17:15:00","17:25:00","MakViljem1937",0,"VsiZbor.1992-01-22.d010-04.sp-32","VsiZbor.1992-01-22.d010-04.sp-32.2",VsiZbor.1992-01-22.d010-04.toc-item1,"taxonomy.2.8","topic.50","nekje","Rgp"
"parl.Skup","delovna seja",10,"1992-01-22","17:15:00","17:25:00","MakViljem1937",0,"VsiZbor.1992-01-22.d010-04.sp-32","VsiZbor.1992-01-22.d010-04.sp-32.2",VsiZbor.1992-01-22.d010-04.toc-item1,"taxonomy.2.8","topic.50","v","Sl"
"parl.Skup","delovna seja",10,"1992-01-22","17:15:00","17:25:00","MakViljem1937",0,"VsiZbor.1992-01-22.d010-04.sp-32","VsiZbor.1992-01-22.d010-04.sp-32.2",VsiZbor.1992-01-22.d010-04.toc-item1,"taxonomy.2.8","topic.50","bife","Ncmsl"
"parl.Skup","delovna seja",10,"1992-01-22","17:15:00","17:25:00","MakViljem1937",0,"VsiZbor.1992-01-22.d010-04.sp-32","VsiZbor.1992-01-22.d010-04.sp-32.2",VsiZbor.1992-01-22.d010-04.toc-item1,"taxonomy.2.8","topic.50","predlagati","Vmbr1s"
"parl.Skup","delovna seja",10,"1992-01-22","17:15:00","17:25:00","MakViljem1937",0,"VsiZbor.1992-01-22.d010-04.sp-32","VsiZbor.1992-01-22.d010-04.sp-32.2",VsiZbor.1992-01-22.d010-04.toc-item1,"taxonomy.2.8","topic.50","ali","Cc"
"parl.Skup","delovna seja",10,"1992-01-22","17:15:00","17:25:00","MakViljem1937",0,"VsiZbor.1992-01-22.d010-04.sp-32","VsiZbor.1992-01-22.d010-04.sp-32.2",VsiZbor.1992-01-22.d010-04.toc-item1,"taxonomy.2.8","topic.50","pa","Cc"
"parl.Skup","delovna seja",10,"1992-01-22","17:15:00","17:25:00","MakViljem1937",0,"VsiZbor.1992-01-22.d010-04.sp-32","VsiZbor.1992-01-22.d010-04.sp-32.2",VsiZbor.1992-01-22.d010-04.toc-item1,"taxonomy.2.8","topic.50","zahteva","Ncfpd"
"parl.Skup","delovna seja",10,"1992-01-22","17:15:00","17:25:00","MakViljem1937",0,"VsiZbor.1992-01-22.d010-04.sp-32","VsiZbor.1992-01-22.d010-04.sp-32.2",VsiZbor.1992-01-22.d010-04.toc-item1,"taxonomy.2.8","topic.50","kakor","Cs"
"parl.Skup","delovna seja",10,"1992-01-22","17:15:00","17:25:00","MakViljem1937",0,"VsiZbor.1992-01-22.d010-04.sp-32","VsiZbor.1992-01-22.d010-04.sp-32.2",VsiZbor.1992-01-22.d010-04.toc-item1,"taxonomy.2.8","topic.50","hoteti","Vmpr2p-n"
"parl.Skup","delovna seja",10,"1992-01-22","17:15:00","17:25:00","MakViljem1937",0,"VsiZbor.1992-01-22.d010-04.sp-32","VsiZbor.1992-01-22.d010-04.sp-32.2",VsiZbor.1992-01-22.d010-04.toc-item1,"taxonomy.2.8","topic.50","da","Cs"
"parl.Skup","delovna seja",10,"1992-01-22","17:15:00","17:25:00","MakViljem1937",0,"VsiZbor.1992-01-22.d010-04.sp-32","VsiZbor.1992-01-22.d010-04.sp-32.2",VsiZbor.1992-01-22.d010-04.toc-item1,"taxonomy.2.8","topic.50","se","Px------y"
"parl.Skup","delovna seja",10,"1992-01-22","17:15:00","17:25:00","MakViljem1937",0,"VsiZbor.1992-01-22.d010-04.sp-32","VsiZbor.1992-01-22.d010-04.sp-32.2",VsiZbor.1992-01-22.d010-04.toc-item1,"taxonomy.2.8","topic.50","javno","Rgp"
"parl.Skup","delovna seja",10,"1992-01-22","17:15:00","17:25:00","MakViljem1937",0,"VsiZbor.1992-01-22.d010-04.sp-32","VsiZbor.1992-01-22.d010-04.sp-32.2",VsiZbor.1992-01-22.d010-04.toc-item1,"taxonomy.2.8","topic.50","izreči","Vmer1p"
"parl.Skup","delovna seja",10,"1992-01-22","17:15:00","17:25:00","MakViljem1937",0,"VsiZbor.1992-01-22.d010-04.sp-32","VsiZbor.1992-01-22.d010-04.sp-32.2",VsiZbor.1992-01-22.d010-04.toc-item1,"taxonomy.2.8","topic.50","kdo","Pq-msn"
"parl.Skup","delovna seja",10,"1992-01-22","17:15:00","17:25:00","MakViljem1937",0,"VsiZbor.1992-01-22.d010-04.sp-32","VsiZbor.1992-01-22.d010-04.sp-32.2",VsiZbor.1992-01-22.d010-04.toc-item1,"taxonomy.2.8","topic.50","in","Cc"
"parl.Skup","delovna seja",10,"1992-01-22","17:15:00","17:25:00","MakViljem1937",0,"VsiZbor.1992-01-22.d010-04.sp-32","VsiZbor.1992-01-22.d010-04.sp-32.2",VsiZbor.1992-01-22.d010-04.toc-item1,"taxonomy.2.8","topic.50","zakaj","Rgp"
"parl.Skup","delovna seja",10,"1992-01-22","17:15:00","17:25:00","MakViljem1937",0,"VsiZbor.1992-01-22.d010-04.sp-32","VsiZbor.1992-01-22.d010-04.sp-32.2",VsiZbor.1992-01-22.d010-04.toc-item1,"taxonomy.2.8","topic.50","manjkati","Vmpr3s"
"parl.Skup","delovna seja",10,"1992-01-22","17:15:00","17:25:00","MakViljem1937",0,"VsiZbor.1992-01-22.d010-04.sp-32","VsiZbor.1992-01-22.d010-04.sp-32.2",VsiZbor.1992-01-22.d010-04.toc-item1,"taxonomy.2.8","topic.50","in","Cc"
"parl.Skup","delovna seja",10,"1992-01-22","17:15:00","17:25:00","MakViljem1937",0,"VsiZbor.1992-01-22.d010-04.sp-32","VsiZbor.1992-01-22.d010-04.sp-32.2",VsiZbor.1992-01-22.d010-04.toc-item1,"taxonomy.2.8","topic.50","da","Cs"
"parl.Skup","delovna seja",10,"1992-01-22","17:15:00","17:25:00","MakViljem1937",0,"VsiZbor.1992-01-22.d010-04.sp-32","VsiZbor.1992-01-22.d010-04.sp-32.2",VsiZbor.1992-01-22.d010-04.toc-item1,"taxonomy.2.8","topic.50","ugotoviti","Vmer1p"
"parl.Skup","delovna seja",10,"1992-01-22","17:15:00","17:25:00","MakViljem1937",0,"VsiZbor.1992-01-22.d010-04.sp-32","VsiZbor.1992-01-22.d010-04.sp-32.2",VsiZbor.1992-01-22.d010-04.toc-item1,"taxonomy.2.8","topic.50","da","Cs"
"parl.Skup","delovna seja",10,"1992-01-22","17:15:00","17:25:00","MakViljem1937",0,"VsiZbor.1992-01-22.d010-04.sp-32","VsiZbor.1992-01-22.d010-04.sp-32.2",VsiZbor.1992-01-22.d010-04.toc-item1,"taxonomy.2.8","topic.50","biti","Va-r3s-n"
"parl.Skup","delovna seja",10,"1992-01-22","17:15:00","17:25:00","MakViljem1937",0,"VsiZbor.1992-01-22.d010-04.sp-32","VsiZbor.1992-01-22.d010-04.sp-32.2",VsiZbor.1992-01-22.d010-04.toc-item1,"taxonomy.2.8","topic.50","ta","Pd-nsn"
"parl.Skup","delovna seja",10,"1992-01-22","17:15:00","17:25:00","MakViljem1937",0,"VsiZbor.1992-01-22.d010-04.sp-32","VsiZbor.1992-01-22.d010-04.sp-32.2",VsiZbor.1992-01-22.d010-04.toc-item1,"taxonomy.2.8","topic.50","preprosto","Rgp"
"parl.Skup","delovna seja",10,"1992-01-22","17:15:00","17:25:00","MakViljem1937",0,"VsiZbor.1992-01-22.d010-04.sp-32","VsiZbor.1992-01-22.d010-04.sp-32.2",VsiZbor.1992-01-22.d010-04.toc-item1,"taxonomy.2.8","topic.50","blokada","Ncfsn"
"parl.Skup","delovna seja",10,"1992-01-22","17:15:00","17:25:00","MakViljem1937",0,"VsiZbor.1992-01-22.d010-04.sp-32","VsiZbor.1992-01-22.d010-04.sp-32.2",VsiZbor.1992-01-22.d010-04.toc-item1,"taxonomy.2.8","topic.50","da","Cs"
"parl.Skup","delovna seja",10,"1992-01-22","17:15:00","17:25:00","MakViljem1937",0,"VsiZbor.1992-01-22.d010-04.sp-32","VsiZbor.1992-01-22.d010-04.sp-32.2",VsiZbor.1992-01-22.d010-04.toc-item1,"taxonomy.2.8","topic.50","ta","Pd-nsn"
"parl.Skup","delovna seja",10,"1992-01-22","17:15:00","17:25:00","MakViljem1937",0,"VsiZbor.1992-01-22.d010-04.sp-32","VsiZbor.1992-01-22.d010-04.sp-32.2",VsiZbor.1992-01-22.d010-04.toc-item1,"taxonomy.2.8","topic.50","biti","Va-r3s-y"
"parl.Skup","delovna seja",10,"1992-01-22","17:15:00","17:25:00","MakViljem1937",0,"VsiZbor.1992-01-22.d010-04.sp-32","VsiZbor.1992-01-22.d010-04.sp-32.2",VsiZbor.1992-01-22.d010-04.toc-item1,"taxonomy.2.8","topic.50","nekaj","Rgp"
"parl.Skup","delovna seja",10,"1992-01-22","17:15:00","17:25:00","MakViljem1937",0,"VsiZbor.1992-01-22.d010-04.sp-32","VsiZbor.1992-01-22.d010-04.sp-32.2",VsiZbor.1992-01-22.d010-04.toc-item1,"taxonomy.2.8","topic.50","da","Cs"
"parl.Skup","delovna seja",10,"1992-01-22","17:15:00","17:25:00","MakViljem1937",0,"VsiZbor.1992-01-22.d010-04.sp-32","VsiZbor.1992-01-22.d010-04.sp-32.2",VsiZbor.1992-01-22.d010-04.toc-item1,"taxonomy.2.8","topic.50","se","Px------y"
"parl.Skup","delovna seja",10,"1992-01-22","17:15:00","17:25:00","MakViljem1937",0,"VsiZbor.1992-01-22.d010-04.sp-32","VsiZbor.1992-01-22.d010-04.sp-32.2",VsiZbor.1992-01-22.d010-04.toc-item1,"taxonomy.2.8","topic.50","jaz","Pp1-pd"
"parl.Skup","delovna seja",10,"1992-01-22","17:15:00","17:25:00","MakViljem1937",0,"VsiZbor.1992-01-22.d010-04.sp-32","VsiZbor.1992-01-22.d010-04.sp-32.2",VsiZbor.1992-01-22.d010-04.toc-item1,"taxonomy.2.8","topic.50","pač","Q"
"parl.Skup","delovna seja",10,"1992-01-22","17:15:00","17:25:00","MakViljem1937",0,"VsiZbor.1992-01-22.d010-04.sp-32","VsiZbor.1992-01-22.d010-04.sp-32.2",VsiZbor.1992-01-22.d010-04.toc-item1,"taxonomy.2.8","topic.50","ne","Q"
"parl.Skup","delovna seja",10,"1992-01-22","17:15:00","17:25:00","MakViljem1937",0,"VsiZbor.1992-01-22.d010-04.sp-32","VsiZbor.1992-01-22.d010-04.sp-32.2",VsiZbor.1992-01-22.d010-04.toc-item1,"taxonomy.2.8","topic.50","ljubiti","Vmpr3s"
"parl.Skup","delovna seja",10,"1992-01-22","17:15:00","17:25:00","MakViljem1937",0,"VsiZbor.1992-01-22.d010-04.sp-32","VsiZbor.1992-01-22.d010-04.sp-32.2",VsiZbor.1992-01-22.d010-04.toc-item1,"taxonomy.2.8","topic.50","hvala","Ncfsn"
"parl.Skup","delovna seja",10,"1992-01-22","17:15:00","17:25:00","ToplakLudvik1942",1,"VsiZbor.1992-01-22.d010-04.sp-33","VsiZbor.1992-01-22.d010-04.sp-33.2",VsiZbor.1992-01-22.d010-04.toc-item1,"taxonomy.2.8","topic.50","hvala","Ncfsn"
"parl.Skup","delovna seja",10,"1992-01-22","17:15:00","17:25:00","ToplakLudvik1942",1,"VsiZbor.1992-01-22.d010-04.sp-33","VsiZbor.1992-01-22.d010-04.sp-33.2",VsiZbor.1992-01-22.d010-04.toc-item1,"taxonomy.2.8","topic.50","lep","Agpfsn"
"parl.Skup","delovna seja",10,"1992-01-22","17:15:00","17:25:00","ToplakLudvik1942",1,"VsiZbor.1992-01-22.d010-04.sp-33","VsiZbor.1992-01-22.d010-04.sp-33.2",VsiZbor.1992-01-22.d010-04.toc-item1,"taxonomy.2.8","topic.50","jaz","Pp1mpn"
"parl.Skup","delovna seja",10,"1992-01-22","17:15:00","17:25:00","ToplakLudvik1942",1,"VsiZbor.1992-01-22.d010-04.sp-33","VsiZbor.1992-01-22.d010-04.sp-33.2",VsiZbor.1992-01-22.d010-04.toc-item1,"taxonomy.2.8","topic.50","tukaj","Rgp"
"parl.Skup","delovna seja",10,"1992-01-22","17:15:00","17:25:00","ToplakLudvik1942",1,"VsiZbor.1992-01-22.d010-04.sp-33","VsiZbor.1992-01-22.d010-04.sp-33.2",VsiZbor.1992-01-22.d010-04.toc-item1,"taxonomy.2.8","topic.50","biti","Va-r1p-y"
"parl.Skup","delovna seja",10,"1992-01-22","17:15:00","17:25:00","ToplakLudvik1942",1,"VsiZbor.1992-01-22.d010-04.sp-33","VsiZbor.1992-01-22.d010-04.sp-33.2",VsiZbor.1992-01-22.d010-04.toc-item1,"taxonomy.2.8","topic.50","sklepčen","Agpmpn"
"parl.Skup","delovna seja",10,"1992-01-22","17:15:00","17:25:00","ToplakLudvik1942",1,"VsiZbor.1992-01-22.d010-04.sp-33","VsiZbor.1992-01-22.d010-04.sp-33.2",VsiZbor.1992-01-22.d010-04.toc-item1,"taxonomy.2.8","topic.50","zato","Cc"
"parl.Skup","delovna seja",10,"1992-01-22","17:15:00","17:25:00","ToplakLudvik1942",1,"VsiZbor.1992-01-22.d010-04.sp-33","VsiZbor.1992-01-22.d010-04.sp-33.2",VsiZbor.1992-01-22.d010-04.toc-item1,"taxonomy.2.8","topic.50","prekinjati","Vmpr1s"
"parl.Skup","delovna seja",10,"1992-01-22","17:15:00","17:25:00","ToplakLudvik1942",1,"VsiZbor.1992-01-22.d010-04.sp-33","VsiZbor.1992-01-22.d010-04.sp-33.2",VsiZbor.1992-01-22.d010-04.toc-item1,"taxonomy.2.8","topic.50","10.","Mdo"
"parl.Skup","delovna seja",10,"1992-01-22","17:15:00","17:25:00","ToplakLudvik1942",1,"VsiZbor.1992-01-22.d010-04.sp-33","VsiZbor.1992-01-22.d010-04.sp-33.2",VsiZbor.1992-01-22.d010-04.toc-item1,"taxonomy.2.8","topic.50","skupen","Agpfsa"
"parl.Skup","delovna seja",10,"1992-01-22","17:15:00","17:25:00","ToplakLudvik1942",1,"VsiZbor.1992-01-22.d010-04.sp-33","VsiZbor.1992-01-22.d010-04.sp-33.2",VsiZbor.1992-01-22.d010-04.toc-item1,"taxonomy.2.8","topic.50","deloven","Agpfsa"
"parl.Skup","delovna seja",10,"1992-01-22","17:15:00","17:25:00","ToplakLudvik1942",1,"VsiZbor.1992-01-22.d010-04.sp-33","VsiZbor.1992-01-22.d010-04.sp-33.2",VsiZbor.1992-01-22.d010-04.toc-item1,"taxonomy.2.8","topic.50","seja","Ncfsa"
"parl.Skup","delovna seja",10,"1992-01-22","17:15:00","17:25:00","ToplakLudvik1942",1,"VsiZbor.1992-01-22.d010-04.sp-33","VsiZbor.1992-01-22.d010-04.sp-33.3",VsiZbor.1992-01-22.d010-04.toc-item1,"taxonomy.2.8","topic.50","samo","Q"
"parl.Skup","delovna seja",10,"1992-01-22","17:15:00","17:25:00","ToplakLudvik1942",1,"VsiZbor.1992-01-22.d010-04.sp-33","VsiZbor.1992-01-22.d010-04.sp-33.3",VsiZbor.1992-01-22.d010-04.toc-item1,"taxonomy.2.8","topic.50","še","Q"
"parl.Skup","delovna seja",10,"1992-01-22","17:15:00","17:25:00","ToplakLudvik1942",1,"VsiZbor.1992-01-22.d010-04.sp-33","VsiZbor.1992-01-22.d010-04.sp-33.3",VsiZbor.1992-01-22.d010-04.toc-item1,"taxonomy.2.8","topic.50","informacija","Ncfsn"
"parl.Skup","delovna seja",10,"1992-01-22","17:15:00","17:25:00","ToplakLudvik1942",1,"VsiZbor.1992-01-22.d010-04.sp-33","VsiZbor.1992-01-22.d010-04.sp-33.3",VsiZbor.1992-01-22.d010-04.toc-item1,"taxonomy.2.8","topic.50","družbenopolitičen","Agpmsny"
"parl.Skup","delovna seja",10,"1992-01-22","17:15:00","17:25:00","ToplakLudvik1942",1,"VsiZbor.1992-01-22.d010-04.sp-33","VsiZbor.1992-01-22.d010-04.sp-33.3",VsiZbor.1992-01-22.d010-04.toc-item1,"taxonomy.2.8","topic.50","zbor","Ncmsn"
"parl.Skup","delovna seja",10,"1992-01-22","17:15:00","17:25:00","ToplakLudvik1942",1,"VsiZbor.1992-01-22.d010-04.sp-33","VsiZbor.1992-01-22.d010-04.sp-33.3",VsiZbor.1992-01-22.d010-04.toc-item1,"taxonomy.2.8","topic.50","biti","Va-r3s-n"
"parl.Skup","delovna seja",10,"1992-01-22","17:15:00","17:25:00","ToplakLudvik1942",1,"VsiZbor.1992-01-22.d010-04.sp-33","VsiZbor.1992-01-22.d010-04.sp-33.3",VsiZbor.1992-01-22.d010-04.toc-item1,"taxonomy.2.8","topic.50","danes","Rgp"
"parl.Skup","delovna seja",10,"1992-01-22","17:15:00","17:25:00","ToplakLudvik1942",1,"VsiZbor.1992-01-22.d010-04.sp-33","VsiZbor.1992-01-22.d010-04.sp-33.3",VsiZbor.1992-01-22.d010-04.toc-item1,"taxonomy.2.8","topic.50","tudi","Q"
"parl.Skup","delovna seja",10,"1992-01-22","17:15:00","17:25:00","ToplakLudvik1942",1,"VsiZbor.1992-01-22.d010-04.sp-33","VsiZbor.1992-01-22.d010-04.sp-33.3",VsiZbor.1992-01-22.d010-04.toc-item1,"taxonomy.2.8","topic.50","predlagati","Vmbp-sm"
"parl.Skup","delovna seja",10,"1992-01-22","17:15:00","17:25:00","ToplakLudvik1942",1,"VsiZbor.1992-01-22.d010-04.sp-33","VsiZbor.1992-01-22.d010-04.sp-33.3",VsiZbor.1992-01-22.d010-04.toc-item1,"taxonomy.2.8","topic.50","v","Sl"
"parl.Skup","delovna seja",10,"1992-01-22","17:15:00","17:25:00","ToplakLudvik1942",1,"VsiZbor.1992-01-22.d010-04.sp-33","VsiZbor.1992-01-22.d010-04.sp-33.3",VsiZbor.1992-01-22.d010-04.toc-item1,"taxonomy.2.8","topic.50","nadaljevanje","Ncnsl"
"parl.Skup","delovna seja",10,"1992-01-22","17:15:00","17:25:00","ToplakLudvik1942",1,"VsiZbor.1992-01-22.d010-04.sp-33","VsiZbor.1992-01-22.d010-04.sp-33.3",VsiZbor.1992-01-22.d010-04.toc-item1,"taxonomy.2.8","topic.50","sklic","Ncmsn"
"parl.Skup","delovna seja",10,"1992-01-22","17:15:00","17:25:00","ToplakLudvik1942",1,"VsiZbor.1992-01-22.d010-04.sp-33","VsiZbor.1992-01-22.d010-04.sp-33.3",VsiZbor.1992-01-22.d010-04.toc-item1,"taxonomy.2.8","topic.50","11.","Mdo"
"parl.Skup","delovna seja",10,"1992-01-22","17:15:00","17:25:00","ToplakLudvik1942",1,"VsiZbor.1992-01-22.d010-04.sp-33","VsiZbor.1992-01-22.d010-04.sp-33.3",VsiZbor.1992-01-22.d010-04.toc-item1,"taxonomy.2.8","topic.50","seja","Ncfsg"
"parl.Skup","delovna seja",10,"1992-01-22","17:15:00","17:25:00","ToplakLudvik1942",1,"VsiZbor.1992-01-22.d010-04.sp-33","VsiZbor.1992-01-22.d010-04.sp-33.3",VsiZbor.1992-01-22.d010-04.toc-item1,"taxonomy.2.8","topic.50","hvala","Ncfsn"
